ID,ANO_NASCIMENTO,ESCOLARIDADE,ESTADO_CIVIL,RENDA_DOMICILIAR_ANUAL,GASTOS_VINHOS,GASTOS_CARNES,COMPRAS_ONLINE,COMPRAS_PRESENCIAIS
11004,1893,2n Cycle,Single,60182,8,5,1,2
1150,1899,PhD,Together,83532,755,562,4,4
7829,1900,2n Cycle,Divorced,36640,15,8,2,2
6663,1940,PhD,Single,51141,144,7,3,4
6932,1941,PhD,Married,93027,1285,716,7,5
1453,1943,PhD,Widow,57513,735,183,9,13
8800,1943,PhD,Divorced,48948,437,206,7,5
4994,1943,Master,Single,77598,1193,281,7,13
6142,1943,Master,Married,65073,629,177,5,5
2968,1943,PhD,Divorced,48948,437,206,7,5
7106,1943,PhD,Married,75865,483,591,3,10
6605,1944,PhD,Divorced,55614,504,131,9,6
466,1944,Graduation,Married,65275,388,218,4,13
4587,1944,Master,Widow,45006,162,53,3,7
3711,1944,Master,Married,80184,1035,670,6,10
1740,1944,Graduation,Married,55956,760,104,7,4
4310,1944,Graduation,Married,80589,507,520,5,5
9930,1944,PhD,Single,82716,606,228,6,13
4619,1945,PhD,Single,113734,6,3,27,0
819,1945,Graduation,Widow,63285,508,249,6,13
10711,1945,Graduation,Married,69755,217,373,3,12
6543,1945,Master,Together,62847,521,706,3,4
9370,1945,PhD,Married,65846,562,276,6,6
9260,1945,PhD,Married,70356,1349,249,10,9
158,1945,PhD,Together,71604,345,528,8,5
263,1945,PhD,Single,45576,56,29,3,3
4261,1946,PhD,Single,82800,1006,115,7,12
7881,1946,Master,Married,66835,620,195,6,13
10562,1946,Master,Married,66835,620,195,6,13
1553,1946,Graduation,Together,82657,966,672,7,10
4939,1946,Graduation,Together,37760,84,38,4,6
8652,1946,Graduation,Together,37760,84,38,4,6
5029,1946,Graduation,Married,18100,3,2,0,3
1577,1946,Graduation,Married,78569,558,622,4,4
8755,1946,Master,Married,68657,482,471,3,9
7592,1946,PhD,Married,51012,102,63,4,4
4001,1946,PhD,Together,64014,406,30,8,5
2114,1946,PhD,Single,82800,1006,115,7,12
455,1946,PhD,Married,51012,102,63,4,4
182,1946,PhD,Together,44124,284,55,6,5
7712,1946,PhD,Single,62159,182,259,6,10
5529,1946,PhD,Together,64014,406,30,8,5
10250,1947,Basic,Together,28389,1,3,1,2
2878,1947,PhD,Married,67472,162,127,4,7
7990,1947,Graduation,Married,27469,9,2,0,3
6963,1947,Graduation,Single,77457,675,400,2,10
10814,1947,Graduation,Together,70321,303,751,6,13
6203,1947,Graduation,Together,74485,499,815,6,12
2079,1947,2n Cycle,Married,81044,450,535,5,10
9952,1947,Master,Together,78093,368,639,4,5
1173,1947,Master,Together,77632,1200,758,4,6
7718,1947,Master,Together,66000,244,270,1,5
6248,1947,Master,Single,91712,1276,746,9,11
3945,1947,PhD,Widow,68117,618,215,11,4
9298,1947,PhD,Together,81574,1252,465,4,8
3859,1947,PhD,Together,73059,410,420,9,13
13,1947,PhD,Widow,25358,19,5,1,3
3867,1947,PhD,Together,73059,410,420,9,13
10314,1948,PhD,Married,83837,847,119,9,5
6274,1948,Master,Married,83790,1076,417,8,6
4530,1948,Master,Widow,78427,972,595,3,10
10909,1948,Graduation,Married,92344,992,694,5,5
10341,1948,Graduation,Together,51315,68,39,2,5
6103,1948,Graduation,Married,42192,40,15,2,3
4137,1948,Graduation,Together,70666,398,367,7,4
10486,1948,Graduation,Married,77142,476,162,4,8
5147,1948,Graduation,Single,90842,774,118,4,13
4149,1948,PhD,Together,76140,586,653,5,6
9589,1948,PhD,Widow,82032,332,377,4,7
3336,1948,PhD,Together,66375,712,45,2,5
5956,1948,PhD,Divorced,45072,144,99,6,4
4988,1948,PhD,Married,34469,19,20,1,4
4107,1948,PhD,Together,46681,269,69,4,4
5429,1948,PhD,Married,45579,145,33,4,4
202,1948,PhD,Widow,82032,332,377,4,7
7495,1948,PhD,Married,56223,77,31,2,5
10906,1948,PhD,Together,46681,269,69,4,4
6715,1948,PhD,Single,60200,502,132,6,11
895,1948,PhD,Married,61467,410,114,5,10
6544,1949,PhD,Together,67911,529,356,6,11
1146,1949,Master,Together,49912,520,223,10,7
8537,1949,Graduation,Widow,72643,526,553,3,7
2406,1949,Graduation,Together,54591,376,94,6,8
7313,1949,2n Cycle,Widow,74859,570,614,6,11
7875,1949,Graduation,Married,72025,967,617,4,13
7851,1949,Graduation,Widow,70165,161,253,3,11
10240,1949,Graduation,Together,69372,997,269,10,6
3578,1949,Graduation,Divorced,49160,122,43,3,6
10972,1949,Graduation,Widow,72298,625,169,4,6
2066,1949,Graduation,Together,38823,70,11,2,3
5991,1949,Master,Married,48150,173,39,5,4
6379,1949,Master,Widow,47570,67,20,2,2
1183,1949,Master,Married,36408,9,4,1,2
4697,1949,Master,Divorced,35416,248,81,7,5
10664,1949,Master,Widow,51529,400,35,9,5
4491,1949,Master,Married,62845,1099,45,3,10
6565,1949,Master,Married,76995,1012,498,11,9
9504,1949,Master,Married,81698,179,520,3,13
9323,1949,Master,Together,49912,520,223,10,7
873,1949,Master,Married,62845,1099,45,3,10
11181,1949,PhD,Married,156924,2,2,0,0
2868,1949,PhD,Single,26518,20,28,2,3
4475,1949,PhD,Married,69098,1315,780,7,9
716,1949,PhD,Together,67911,529,356,6,11
737,1949,PhD,Married,80360,1493,454,4,5
5092,1949,PhD,Widow,51569,380,47,7,7
5329,1949,PhD,Divorced,35946,8,3,0,3
6250,1949,PhD,Widow,54356,710,30,11,8
1993,1949,PhD,Married,58607,867,86,2,9
4184,1950,PhD,Together,52157,189,29,3,5
1907,1950,Master,Divorced,63120,965,279,8,9
359,1950,Graduation,Together,48070,373,83,8,6
3479,1950,Graduation,Single,16813,4,11,2,3
9119,1950,Graduation,Together,60905,208,76,3,7
10061,1950,Graduation,Married,59462,724,143,9,12
9135,1950,Graduation,Together,27203,13,21,1,2
8783,1950,Graduation,Married,57045,296,104,4,9
6181,1950,2n Cycle,Together,52203,488,238,8,11
5718,1950,Graduation,Married,80763,674,108,5,6
1419,1950,Graduation,Together,34026,18,15,2,3
4186,1950,Graduation,Together,34026,18,15,2,3
3503,1950,Graduation,Divorced,82460,255,573,5,6
5138,1950,Graduation,Together,28320,19,14,1,3
6983,1950,Master,Divorced,38054,23,17,2,3
8233,1950,Master,Widow,64866,508,21,7,7
6245,1950,PhD,Together,59292,378,68,3,8
5237,1950,PhD,Single,48767,28,21,2,3
7196,1950,PhD,Married,41145,9,3,0,3
8780,1950,PhD,Together,59292,378,68,3,8
6428,1950,PhD,Widow,76842,605,345,1,7
7530,1950,PhD,Widow,56551,67,32,2,4
7485,1950,PhD,Widow,56551,67,32,2,4
5899,1950,PhD,Together,5648,28,6,1,0
7494,1950,PhD,Divorced,42873,209,40,6,4
4725,1950,PhD,Together,50616,30,25,1,4
10350,1950,PhD,Married,54432,33,5,1,3
11031,1950,PhD,Married,48699,26,10,1,3
10478,1950,PhD,Married,55517,483,108,11,6
7922,1951,PhD,Single,64950,819,72,11,10
9697,1951,Graduation,Married,53790,335,127,7,8
1964,1951,Graduation,Together,86610,446,768,5,6
7397,1951,Graduation,Single,49090,494,82,7,9
3828,1951,Graduation,Married,71107,533,217,7,13
236,1951,Graduation,Married,34838,28,29,2,4
8397,1951,Graduation,Married,44689,18,5,1,2
10057,1951,Graduation,Single,72282,503,419,5,9
6200,1951,Graduation,Married,75903,340,185,6,9
1409,1951,Graduation,Together,40689,270,27,7,5
10868,1951,Graduation,Widow,70792,344,654,3,10
3434,1951,Graduation,Single,80872,483,567,4,10
3334,1951,Graduation,Married,94642,879,797,5,9
255,1951,Graduation,Divorced,22263,17,2,1,3
5872,1951,Graduation,Single,60689,240,216,4,10
626,1951,Graduation,Married,32871,22,12,1,3
123,1951,Graduation,Widow,67046,544,133,4,4
640,1951,Graduation,Married,57304,356,329,7,10
6721,1951,Graduation,Married,71965,572,286,6,5
5314,1951,Graduation,Together,40689,270,27,7,5
7384,1951,Master,Together,39767,113,204,7,7
891,1951,Master,Together,29298,6,2,1,2
5123,1951,Master,Married,27450,37,23,2,3
5491,1951,Master,Together,47352,172,112,6,5
2544,1951,Master,Divorced,57530,50,27,1,4
10738,1951,Master,Single,49389,40,19,2,3
4676,1951,Master,Widow,73705,612,520,9,8
6289,1951,Master,Together,59385,135,10,3,4
6710,1951,Master,Single,58217,68,13,2,4
10634,1951,Master,Married,59412,90,165,4,8
10741,1951,Master,Together,47352,172,112,6,5
3412,1951,Master,Married,67381,815,53,2,9
5043,1951,Basic,Married,26997,7,78,4,5
9617,1951,Graduation,Single,15033,0,5,1,3
113,1951,Graduation,Married,30833,11,7,1,3
6935,1951,2n Cycle,Married,78497,207,447,5,12
4646,1951,2n Cycle,Married,78497,207,447,5,12
6991,1951,Graduation,Divorced,43185,537,42,9,6
8104,1951,PhD,Married,53312,241,12,5,5
6518,1951,PhD,Widow,67680,546,48,7,8
1915,1951,PhD,Married,78939,794,243,8,6
1570,1951,PhD,Together,69702,664,240,7,10
6271,1952,PhD,Married,50870,53,8,2,3
9292,1952,Graduation,Married,81795,324,693,4,7
4508,1952,Graduation,Single,75127,203,305,2,5
286,1952,Graduation,Single,44213,95,35,2,5
1411,1952,Graduation,Divorced,82623,204,204,2,4
8692,1952,Graduation,Together,43462,90,97,4,5
9905,1952,Graduation,Together,34074,135,41,3,3
8534,1952,Graduation,Married,67433,615,259,6,13
1857,1952,Graduation,Single,47139,46,12,2,2
1050,1952,Graduation,Married,28332,14,13,2,4
4796,1952,Graduation,Divorced,49638,18,3,1,3
6945,1952,Graduation,Single,84574,387,713,9,11
5967,1952,Graduation,Together,33402,26,19,2,3
4843,1952,Graduation,Single,75127,203,305,2,5
3517,1952,Graduation,Single,40887,50,44,3,3
2134,1952,Graduation,Single,53700,263,233,5,8
3308,1952,Graduation,Married,35704,30,12,2,4
7300,1952,Graduation,Divorced,69142,448,34,8,7
1012,1952,Graduation,Single,61823,523,134,8,10
10983,1952,Graduation,Together,75278,304,230,6,13
241,1952,Graduation,Together,83844,901,345,4,11
7521,1952,Graduation,Together,83844,901,345,4,11
4507,1952,Graduation,Single,72228,631,491,6,8
7540,1952,Graduation,Married,50300,143,60,2,8
1497,1952,Graduation,Single,47958,268,88,6,5
709,1952,Graduation,Divorced,51537,787,204,2,11
10323,1952,Graduation,Married,49413,205,41,4,5
8026,1952,Graduation,Married,62998,120,73,5,5
9316,1952,Basic,Together,13084,2,7,1,3
550,1952,Graduation,Divorced,62335,243,217,3,13
3515,1952,Graduation,Single,62307,87,34,4,4
2173,1952,Graduation,Widow,40049,13,7,1,3
3560,1952,Graduation,Together,83844,901,345,4,11
8180,1952,Master,Divorced,59354,233,53,6,5
5907,1952,Master,Married,33444,8,8,1,2
4764,1952,Master,Together,40442,45,52,3,4
6255,1952,Master,Together,70545,138,63,4,7
2387,1952,Master,Together,43776,177,71,5,4
2926,1952,Master,Together,55951,1241,80,3,11
7861,1952,Master,Married,77027,820,242,8,6
2980,1952,Master,Single,8820,12,13,3,3
11096,1952,2n Cycle,Together,57247,99,32,2,7
3921,1952,2n Cycle,Widow,28457,24,108,4,4
8957,1952,2n Cycle,Single,64831,480,249,6,5
4756,1952,2n Cycle,Divorced,63998,176,818,7,11
8659,1952,PhD,Together,69805,750,174,6,11
7408,1952,PhD,Married,54549,216,6,5,4
9855,1952,PhD,Single,62000,899,101,6,13
7055,1952,PhD,Together,61010,888,57,8,11
8584,1952,PhD,Together,85431,376,462,2,7
7373,1952,PhD,Divorced,46610,96,96,4,6
7899,1952,PhD,Married,77610,1245,332,4,4
610,1953,PhD,Together,53593,349,78,7,6
2607,1953,Graduation,Single,40464,424,118,8,8
6024,1953,Graduation,Together,94384,1111,790,5,5
9197,1953,Graduation,Married,39722,32,5,2,3
11091,1953,Graduation,Together,34587,7,9,1,3
9265,1953,Graduation,Married,75027,925,179,9,6
7284,1953,Graduation,Married,48686,10,7,1,2
1044,1953,Graduation,Together,58398,299,201,5,8
5386,1953,Graduation,Together,94384,1111,790,5,5
2534,1953,Graduation,Married,37716,97,41,4,3
6825,1953,Graduation,Together,41452,13,3,1,2
2379,1953,Graduation,Single,69267,778,499,3,5
4945,1953,Graduation,Widow,53653,815,239,10,12
153,1953,Graduation,Divorced,23272,19,6,1,3
4789,1953,Graduation,Together,80812,769,500,4,5
6246,1953,Graduation,Single,73892,703,601,3,8
2564,1953,Graduation,Together,61278,111,28,3,4
4690,1953,Graduation,Married,50725,443,75,8,8
6382,1953,Graduation,Together,48794,25,11,1,3
5863,1953,Graduation,Married,47703,359,134,6,8
4943,1953,Graduation,Married,70503,1379,216,2,9
10573,1953,Graduation,Divorced,62551,125,98,6,4
6906,1953,Master,Widow,84953,167,602,3,4
8402,1953,Master,Married,67087,329,222,7,8
8952,1953,Master,Married,65569,397,288,6,10
3830,1953,Master,Married,59354,295,78,4,7
3381,1953,Master,Married,54348,70,16,2,4
849,1953,Master,Together,56129,320,133,6,10
9805,1953,Master,Together,56129,320,133,6,10
1142,1953,PhD,Married,55707,208,82,3,9
73,1953,PhD,Single,51411,14,3,0,3
5682,1953,PhD,Single,64108,948,86,6,11
6059,1953,PhD,Together,64504,986,168,11,4
7023,1953,PhD,Single,46231,189,55,6,4
10010,1953,PhD,Divorced,36957,100,16,3,2
9477,1954,PhD,Married,65324,384,102,6,9
4390,1954,Graduation,Together,75315,459,171,5,12
8545,1954,Graduation,Divorced,85683,1296,311,2,10
1640,1954,Graduation,Divorced,64587,66,16,1,4
9916,1954,Graduation,Married,38998,34,14,2,3
7453,1954,Graduation,Single,36130,157,127,3,4
5209,1954,Graduation,Divorced,50002,443,71,8,7
6730,1954,Graduation,Married,38998,34,14,2,3
1402,1954,Master,Married,66991,496,460,4,6
1377,1954,Master,Widow,44551,182,33,4,5
2285,1954,Master,Together,36634,213,76,5,5
3551,1954,Master,Together,60033,62,57,2,5
1916,1954,Master,Married,45736,188,180,7,6
2948,1954,Master,Divorced,62637,104,48,2,5
10092,1954,Graduation,Divorced,70044,1073,250,7,5
2174,1954,Graduation,Single,46344,11,6,1,2
375,1954,Graduation,Divorced,76773,516,449,2,11
2308,1954,Graduation,Married,46734,110,137,6,5
4990,1954,Graduation,Married,59111,524,134,11,8
9938,1954,Graduation,Married,80067,519,813,4,6
6878,1954,Graduation,Widow,27421,43,96,4,6
10177,1954,Graduation,Divorced,72071,531,300,5,8
6422,1954,Graduation,Married,86718,344,482,5,5
544,1954,Graduation,Married,62820,398,265,3,6
9955,1954,Graduation,Together,39898,69,26,3,4
380,1954,Graduation,Divorced,64497,1170,320,11,9
7462,1954,Graduation,Single,22507,68,226,10,4
9499,1954,Graduation,Married,93404,1279,287,3,7
9308,1954,Graduation,Married,62820,398,265,3,6
4073,1954,2n Cycle,Married,63564,769,252,10,7
2625,1954,2n Cycle,Single,42607,156,56,3,7
2429,1954,Graduation,Divorced,72071,531,300,5,8
2632,1954,Graduation,Married,50501,297,38,5,4
4333,1954,Graduation,Together,32144,41,10,2,3
692,1954,Graduation,Together,36807,4,5,1,2
6521,1954,Graduation,Together,77972,613,319,4,9
3697,1954,Graduation,Together,39898,69,26,3,4
5407,1954,Graduation,Together,53103,729,133,10,7
4828,1954,Graduation,Divorced,79865,71,278,5,5
4637,1954,PhD,Single,74637,960,464,6,9
9405,1954,PhD,Married,52869,84,61,3,4
6374,1954,PhD,Married,36930,223,31,5,4
2295,1954,PhD,Married,62670,539,92,5,13
4047,1954,PhD,Married,65324,384,102,6,9
6566,1954,PhD,Married,72550,826,317,5,12
7755,1954,PhD,Married,57744,350,39,9,4
531,1954,PhD,Divorced,57333,941,397,8,9
5558,1954,PhD,Single,90933,1020,430,4,4
6722,1954,PhD,Married,70421,479,136,10,7
2945,1955,PhD,Together,46015,38,2,1,3
9094,1955,2n Cycle,Married,62972,313,47,7,3
7143,1955,2n Cycle,Together,74805,209,209,4,10
607,1955,2n Cycle,Divorced,41769,302,131,8,7
3433,1955,2n Cycle,Married,72635,390,323,6,6
6583,1955,2n Cycle,Married,72635,390,323,6,6
2276,1955,Graduation,Single,57959,430,322,4,11
10965,1955,Graduation,Together,76005,983,389,3,13
5185,1955,Graduation,Married,74268,199,315,4,5
7192,1955,Graduation,Together,65748,172,93,2,10
10905,1955,Graduation,Together,42586,194,56,4,6
221,1955,Graduation,Married,48726,138,38,3,4
3807,1955,Graduation,Together,59925,473,176,9,9
2730,1955,Graduation,Single,80317,536,387,3,10
4351,1955,Graduation,Divorced,37244,18,10,1,2
3277,1955,Graduation,Divorced,49431,219,100,7,5
9058,1955,Graduation,Widow,79800,1060,530,5,5
3799,1955,Graduation,Married,67225,315,322,7,11
2061,1955,Graduation,Married,50737,78,11,2,4
254,1955,Graduation,Together,53863,399,30,7,7
7972,1955,Graduation,Single,72906,400,519,3,9
9729,1955,Graduation,Widow,58275,189,253,8,7
10120,1955,Graduation,Together,38946,116,82,3,6
6086,1955,Graduation,Married,80395,445,706,6,12
8910,1955,Graduation,Together,42586,194,56,4,6
9743,1955,Graduation,Married,76998,1449,161,11,8
2829,1955,Graduation,Married,65210,626,70,9,8
4541,1955,Graduation,Together,38946,116,82,3,6
7002,1955,Graduation,Single,62535,163,90,3,8
9847,1955,2n Cycle,Married,62972,313,47,7,3
6260,1955,Master,Together,82384,984,432,3,13
3565,1955,Master,Married,38452,56,14,3,3
833,1955,Master,Married,38452,56,14,3,3
2461,1955,Master,Single,51124,26,11,1,3
2565,1955,Master,Divorced,70638,1016,215,4,10
3732,1955,Master,Married,52750,393,239,5,9
10509,1955,Master,Single,36927,51,16,3,3
10420,1955,Master,Divorced,46390,95,64,4,3
2156,1955,PhD,Married,22554,27,10,2,4
2552,1955,PhD,Single,55521,416,26,6,6
4058,1955,PhD,Single,61284,618,106,11,8
7030,1955,PhD,Married,66465,1200,204,11,12
3427,1955,PhD,Married,59821,629,70,11,7
7999,1955,PhD,Together,75261,1239,413,5,5
5247,1955,PhD,Married,38725,31,6,1,4
5186,1955,PhD,Married,58482,576,115,7,9
3584,1955,PhD,Single,49667,1181,120,5,5
9972,1955,PhD,Together,46015,38,2,1,3
4827,1956,PhD,Single,54998,154,202,4,9
1351,1956,Master,Together,58656,962,194,7,13
8148,1956,Master,Together,50898,285,242,6,12
8235,1956,Master,Together,69245,428,214,6,10
231,1956,Master,Together,28839,24,7,2,3
5253,1956,Master,Together,54603,145,46,4,4
8162,1956,Master,Together,14661,4,11,1,3
8427,1956,Master,Single,64857,556,717,7,10
9347,1956,Master,Together,50943,31,7,1,3
5453,1956,Master,Married,90226,1083,649,4,12
7458,1956,Master,Together,34941,39,25,3,3
4405,1956,Master,Married,63915,622,115,6,12
8477,1956,Graduation,Divorced,26150,5,13,1,3
3790,1956,Graduation,Together,34633,8,5,1,2
5519,1956,Graduation,Together,64090,316,161,6,4
178,1956,Graduation,Married,62503,478,193,8,11
3138,1956,Graduation,Single,91249,1324,119,7,6
9167,1956,Graduation,Married,67131,465,250,9,12
4817,1956,Graduation,Divorced,22304,3,7,1,2
5430,1956,Graduation,Together,54450,454,171,9,8
10448,1956,Graduation,Single,46998,172,86,5,5
10091,1956,Graduation,Single,60230,520,367,6,6
4808,1956,Graduation,Married,15759,1,5,1,2
9797,1956,Graduation,Married,58116,228,130,3,8
1619,1956,Graduation,Married,90369,292,981,4,6
4954,1956,Graduation,Married,48195,106,68,4,5
8091,1956,Graduation,Married,63943,423,368,6,6
8629,1956,Graduation,Widow,46984,19,10,1,3
8432,1956,Graduation,Together,54450,454,171,9,8
10307,1956,Graduation,Married,50387,369,87,6,8
9097,1956,Graduation,Divorced,46086,244,32,3,8
3445,1956,Graduation,Single,60714,216,224,7,10
8707,1956,Graduation,Married,79456,565,548,5,4
9904,1956,Graduation,Married,71391,336,274,6,12
7514,1956,2n Cycle,Together,54342,84,34,3,4
2488,1956,2n Cycle,Divorced,31395,23,25,2,3
4915,1956,2n Cycle,Married,53230,176,98,5,12
5596,1956,2n Cycle,Together,58821,513,154,9,9
2712,1956,Graduation,Married,71866,184,178,6,10
975,1956,Graduation,Single,54252,178,26,4,5
2677,1956,Graduation,Together,46097,72,68,3,6
5935,1956,Master,Single,55284,547,140,7,8
1118,1956,Master,Married,50965,544,85,10,5
1446,1956,Master,Single,86424,387,569,6,12
3298,1956,Master,Married,52973,856,76,9,9
4174,1956,Master,Together,55249,97,19,2,4
10160,1956,Master,Together,50943,31,7,1,3
217,1956,Master,Single,64857,556,717,7,10
8786,1956,Master,Married,62058,301,74,6,7
5721,1956,PhD,Married,84117,611,749,7,6
453,1956,PhD,Widow,35340,27,12,2,3
10590,1956,PhD,Together,76542,794,573,4,10
10675,1956,PhD,Married,66334,909,218,9,5
11051,1956,PhD,Together,77376,492,110,6,10
10473,1956,PhD,Widow,78028,158,288,6,9
10356,1957,PhD,Divorced,41437,29,2,1,3
2995,1957,Master,Together,66636,291,689,3,9
3170,1957,Master,Together,68148,389,408,4,6
4369,1957,Master,Absurd,65487,240,500,3,6
10652,1957,Master,Together,65487,240,500,3,6
4856,1957,2n Cycle,Married,82347,556,845,7,10
2115,1957,Graduation,Together,50116,54,10,1,4
9727,1957,Graduation,Married,23539,4,11,2,4
9790,1957,Graduation,Single,78499,912,170,11,4
977,1957,Graduation,Together,47320,200,111,5,8
5524,1957,Graduation,Single,58138,635,546,8,4
7118,1957,Graduation,Married,73803,833,363,9,6
4452,1957,Graduation,Single,50388,292,37,6,6
7352,1957,Graduation,Married,55267,161,136,3,6
3152,1957,Graduation,Together,26091,15,19,2,3
11188,1957,Graduation,Together,26091,15,19,2,3
8430,1957,Graduation,Together,21994,9,6,0,3
8387,1957,Graduation,Married,43140,134,76,4,5
5644,1957,Graduation,Together,42213,309,24,5,7
8614,1957,Graduation,Widow,65486,245,125,4,10
4188,1957,Graduation,Single,36864,204,39,5,4
5221,1957,Graduation,Married,52852,714,99,10,5
591,1957,Graduation,Widow,66033,293,179,8,7
7214,1957,Graduation,Married,62187,792,275,4,5
2579,1957,Graduation,Married,71113,495,255,6,9
332,1957,Graduation,Married,47743,198,43,4,6
7274,1957,Graduation,Married,78618,736,818,4,10
1867,1957,Graduation,Single,64849,652,350,9,6
8619,1957,Graduation,Together,21994,9,6,0,3
1627,1957,2n Cycle,Divorced,77297,408,109,5,9
8722,1957,2n Cycle,Married,82347,556,845,7,10
8207,1957,2n Cycle,Married,53233,28,9,1,3
10660,1957,Master,Married,66726,349,35,8,4
7505,1957,PhD,Married,44155,22,9,1,2
4303,1957,PhD,Together,6835,107,12,0,1
10446,1957,PhD,Married,82017,184,446,5,7
9665,1957,PhD,Divorced,54237,267,30,5,5
8955,1957,PhD,Together,40451,35,4,1,2
679,1957,PhD,Married,37633,13,20,1,3
3153,1957,PhD,Single,40737,11,4,1,2
1081,1957,PhD,Married,75283,733,180,6,5
7938,1958,PhD,Together,51518,350,66,3,10
10832,1958,Graduation,Together,46610,288,30,6,6
10164,1958,Graduation,Single,94472,1017,417,5,5
2002,1958,Graduation,Divorced,71964,587,932,5,5
3839,1958,Basic,Single,15056,6,3,2,3
9400,1958,2n Cycle,Single,85485,630,611,6,6
2795,1958,Master,Single,30523,5,3,1,2
10377,1958,Master,Together,46692,170,97,6,5
2674,1958,Master,Single,75154,543,205,6,6
433,1958,Master,Alone,61331,534,47,11,6
450,1958,Master,Together,42315,67,80,1,4
4687,1958,Master,Married,80739,674,736,3,9
6950,1958,Master,Married,49572,35,16,2,3
3602,1958,Master,Married,51412,140,29,3,4
2227,1958,2n Cycle,Together,26490,45,52,3,5
8418,1958,2n Cycle,Single,38741,7,17,2,3
125,1958,2n Cycle,Together,53083,215,33,5,5
946,1958,2n Cycle,Together,26490,45,52,3,5
2499,1958,2n Cycle,Single,75342,204,97,5,10
3262,1958,Graduation,Single,68281,995,417,2,13
4790,1958,Graduation,Divorced,79803,574,216,4,5
3025,1958,Graduation,Single,49967,212,69,6,5
3483,1958,Graduation,Married,48192,1039,204,2,12
9940,1958,Graduation,Together,64961,382,276,6,4
6439,1958,Graduation,Married,61074,789,133,11,8
10476,1958,Graduation,Married,67267,134,59,3,5
10928,1958,Graduation,Together,66886,315,62,7,7
4682,1958,Graduation,Married,51876,99,102,2,8
25,1958,Graduation,Married,65148,460,422,6,7
10128,1958,Graduation,Together,53977,620,165,5,12
7998,1958,Graduation,Together,28087,53,17,2,2
5046,1958,Graduation,Divorced,78331,756,354,10,7
8624,1958,Graduation,Married,81320,183,493,4,10
5827,1958,Graduation,Divorced,35246,36,12,3,3
4477,1958,Graduation,Together,69096,247,159,5,10
9284,1958,Graduation,Together,53977,620,165,5,12
3759,1958,Graduation,Together,65196,743,181,7,11
1399,1958,Graduation,Married,72905,407,445,3,9
1463,1958,Graduation,Single,45160,8,5,1,2
3403,1958,PhD,Together,78952,1170,594,2,12
8594,1958,PhD,Widow,50520,112,6,3,3
4964,1958,PhD,Together,74250,680,392,2,4
4322,1958,PhD,Together,77863,881,319,4,10
2740,1958,PhD,Widow,33438,62,16,2,4
9449,1958,PhD,Single,79761,415,124,5,11
9624,1958,PhD,Together,65488,603,207,3,6
2150,1958,PhD,Widow,80995,860,409,8,4
1165,1958,PhD,Single,50729,239,143,6,7
10175,1958,PhD,Divorced,32173,18,2,1,3
10613,1958,PhD,Together,37334,26,16,3,4
1509,1958,PhD,Together,84460,152,103,9,4
7348,1958,PhD,Single,71691,336,411,4,5
1016,1959,PhD,Single,34554,41,6,2,3
7832,1959,Master,Married,77520,940,396,8,7
2611,1959,Master,Together,82576,1206,445,2,12
6036,1959,Master,Together,89120,1168,408,5,7
3766,1959,Master,Widow,33051,100,243,9,8
9291,1959,Master,Married,34242,8,4,0,3
7801,1959,Graduation,Together,54753,197,227,5,11
9860,1959,Graduation,Together,44911,159,22,4,4
8939,1959,Graduation,Divorced,61250,382,65,5,12
6312,1959,Graduation,Married,65031,258,291,10,13
4607,1959,Graduation,Together,71367,227,389,4,7
3717,1959,Graduation,Married,61180,403,29,5,6
3265,1959,Graduation,Married,35701,21,9,1,3
7966,1959,Graduation,Single,80982,505,401,11,11
3712,1959,Graduation,Divorced,52332,212,33,3,6
6357,1959,2n Cycle,Divorced,59052,230,75,7,7
10390,1959,2n Cycle,Married,26887,6,4,1,3
5989,1959,2n Cycle,Divorced,78353,752,476,10,11
10826,1959,Graduation,Married,18690,6,7,1,2
4086,1959,Graduation,Married,18690,6,7,1,2
4268,1959,Graduation,Married,53154,129,21,3,4
2591,1959,Graduation,Widow,76320,526,214,6,4
6343,1959,Graduation,Married,79823,835,380,6,7
5536,1959,Graduation,Together,87771,1492,287,5,4
4944,1959,Graduation,Together,71367,227,389,4,7
9483,1959,Graduation,Together,57957,290,177,4,8
3174,1959,Graduation,Together,87771,1492,287,5,4
10770,1959,Graduation,Married,65492,247,295,4,13
9463,1959,Graduation,Together,71706,931,253,9,7
10364,1959,Graduation,Divorced,23295,0,1,1,2
4179,1959,Graduation,Together,24221,8,9,1,3
9500,1959,Graduation,Married,58113,221,169,9,8
9353,1959,Graduation,Single,62450,515,267,5,4
8086,1959,Graduation,Married,42243,48,2,2,3
10492,1959,Graduation,Together,38285,2,5,0,3
6097,1959,Graduation,Single,50664,313,104,8,6
2125,1959,Graduation,Divorced,63033,194,480,3,8
8908,1959,Graduation,Married,87195,217,690,3,5
10304,1959,Graduation,Married,18690,6,7,1,2
10556,1959,Graduation,Married,54984,173,131,6,6
10678,1959,Graduation,Together,71232,653,170,11,10
1880,1959,PhD,Together,53537,81,6,2,3
10530,1959,PhD,Widow,67786,431,441,3,6
3783,1959,PhD,Married,52854,105,10,2,4
7327,1959,PhD,Married,36732,21,3,1,4
6488,1959,PhD,Married,38829,76,7,3,2
257,1959,PhD,Married,75032,952,180,5,9
2131,1959,PhD,Divorced,62859,1063,102,9,6
9579,1959,PhD,Married,33762,53,34,2,2
6870,1959,PhD,Divorced,68805,182,49,3,7
3281,1960,PhD,Married,49154,206,67,4,8
9286,1960,Master,Together,83151,407,100,5,4
5125,1960,Graduation,Married,79530,333,815,4,11
3536,1960,Graduation,Together,19740,7,3,1,3
4547,1960,Graduation,Together,13672,6,9,1,3
8147,1960,Graduation,Married,31454,28,11,2,3
6202,1960,Graduation,Together,63381,571,142,4,13
3856,1960,Graduation,Together,63381,571,142,4,13
6497,1960,Graduation,Married,51651,293,23,6,5
9140,1960,2n Cycle,Together,50523,51,24,2,4
2166,1960,2n Cycle,Widow,46779,12,3,0,2
5832,1960,2n Cycle,Together,92556,493,352,3,13
3619,1960,2n Cycle,Divorced,87305,345,501,5,8
1473,1960,2n Cycle,Single,47823,53,5,2,3
5332,1960,2n Cycle,Married,82504,362,431,3,7
4376,1960,2n Cycle,Single,32218,10,15,2,3
615,1960,Graduation,Together,30507,65,74,5,4
800,1960,Graduation,Together,44512,23,6,1,3
9723,1960,Graduation,Married,67716,530,217,7,13
5268,1960,Graduation,Married,29440,17,14,1,4
10151,1960,Graduation,Divorced,62204,317,247,4,12
8805,1960,Graduation,Single,48904,283,38,7,4
7247,1960,Graduation,Widow,47916,505,26,7,6
2453,1960,Graduation,Together,62807,526,135,5,12
954,1960,Basic,Widow,22123,3,24,2,3
2315,1960,Graduation,Divorced,58401,10,11,1,2
6336,1960,Graduation,Married,29315,13,14,2,4
4299,1960,Graduation,Together,70971,1001,572,11,5
7787,1960,Graduation,Together,62807,526,135,5,12
1277,1960,Graduation,Together,78468,434,388,10,10
1135,1960,Master,Together,17144,18,19,3,4
7451,1960,Master,Single,98777,1000,711,4,9
2613,1960,Master,Married,54197,162,37,1,6
10691,1960,Master,Married,28520,11,10,1,2
1604,1960,Master,Married,47353,184,19,2,6
10505,1960,Master,Together,73113,741,154,3,7
10862,1960,Master,Married,30522,179,83,1,9
24,1960,Master,Together,17144,18,19,3,4
10991,1960,Master,Married,89058,454,106,5,4
10141,1960,Master,Divorced,39228,7,6,0,3
1100,1960,Master,Together,41275,24,22,3,3
4248,1960,Master,Single,98777,1000,711,4,9
1650,1960,Master,Married,81843,779,537,5,12
4603,1960,PhD,Married,65695,371,189,5,10
146,1960,PhD,Single,76045,760,400,4,11
5675,1960,PhD,Divorced,50611,459,24,4,7
7230,1960,PhD,Divorced,50611,459,24,4,7
4002,1960,PhD,Married,77037,463,333,7,12
4967,1960,PhD,Together,38201,233,23,5,5
8566,1961,PhD,Together,32583,5,3,1,2
4415,1961,Graduation,Married,16860,10,4,1,3
6421,1961,Graduation,Together,88347,1050,555,4,9
2563,1961,Basic,Married,28249,1,7,2,3
8312,1961,Basic,Married,28249,1,7,2,3
3104,1961,Graduation,Single,82332,830,968,5,12
7342,1961,2n Cycle,Widow,59184,341,113,6,12
10888,1961,Graduation,Single,45938,273,178,8,6
11166,1961,Graduation,Married,49678,229,56,6,4
7959,1961,Graduation,Married,79410,658,483,3,5
4442,1961,Graduation,Single,46524,31,35,1,5
10277,1961,Graduation,Single,30081,36,2,1,3
1,1961,Graduation,Single,57091,464,64,7,7
4094,1961,Graduation,Married,60544,201,43,5,5
8588,1961,Graduation,Married,60544,201,43,5,5
6642,1961,Graduation,Divorced,27215,30,22,2,4
11025,1961,Graduation,Married,36443,65,46,3,3
10150,1961,Graduation,Single,86429,464,873,7,7
11092,1961,Graduation,Married,27116,12,21,2,3
5057,1961,Master,Married,61794,264,188,4,10
10623,1961,Master,Together,48330,28,4,1,3
3852,1961,Master,Together,74881,505,270,9,12
9274,1961,Master,Married,80950,525,112,6,9
1000,1961,Master,Together,74881,505,270,9,12
9239,1961,Master,Married,61923,92,18,2,4
8395,1961,Graduation,Single,82014,980,265,3,12
9595,1961,Graduation,Together,64260,539,816,4,4
1729,1961,PhD,Together,66426,1043,97,3,10
3725,1961,PhD,Single,84865,1248,349,2,9
1829,1961,PhD,Divorced,54959,1148,60,9,4
309,1961,PhD,Together,63342,918,118,8,5
2782,1961,PhD,Married,54456,352,27,6,7
9559,1961,PhD,Married,57072,944,60,7,13
9750,1961,PhD,Divorced,64325,731,353,10,5
3571,1961,PhD,Together,63342,918,118,8,5
10609,1962,PhD,Married,42769,71,13,1,4
9120,1962,Graduation,Single,66565,747,161,4,9
3523,1962,Graduation,Together,75072,583,309,5,8
8690,1962,Graduation,Married,86111,399,756,5,10
5995,1962,Graduation,Divorced,39552,165,147,6,5
4201,1962,Graduation,Single,57967,229,137,4,8
4138,1962,Graduation,Single,76624,411,147,5,7
2286,1962,Graduation,Single,50785,64,21,2,3
7079,1962,Graduation,Divorced,63887,897,207,9,12
1945,1962,Graduation,Married,71434,711,217,7,7
9386,1962,Graduation,Together,50127,274,21,5,6
3834,1962,Graduation,Single,69627,231,215,8,11
9212,1962,Master,Married,72828,1205,235,6,13
199,1962,Master,Single,45183,219,60,4,7
955,1962,Master,Together,47175,167,44,4,4
3136,1962,Master,Divorced,59432,317,265,5,11
10379,1962,Master,Single,59247,327,122,5,9
4470,1962,Master,Married,58646,62,44,2,4
6183,1962,Master,Married,58646,62,44,2,4
6262,1962,Master,Single,72217,816,450,3,8
5341,1962,2n Cycle,Divorced,81975,983,184,6,4
7960,1962,2n Cycle,Together,82122,734,350,3,13
6768,1962,Graduation,Divorced,37859,22,8,1,3
1490,1962,Graduation,Married,55759,675,85,10,8
8461,1962,Graduation,Divorced,46102,14,1,1,2
8825,1962,Graduation,Together,51195,230,156,9,5
7321,1962,Graduation,Together,76081,292,415,4,4
944,1962,Graduation,Married,56181,121,69,4,7
10286,1962,Graduation,Married,83715,318,407,2,13
2415,1962,Graduation,Together,62568,362,398,5,5
4998,1962,Graduation,Together,76081,292,415,4,4
5955,1962,Graduation,Together,72025,833,549,4,8
4437,1962,Graduation,Married,65316,112,92,3,5
8015,1962,PhD,Divorced,85696,714,395,4,9
8414,1962,PhD,Single,33419,56,12,2,4
6197,1962,PhD,Single,27238,37,17,3,3
1745,1962,PhD,Divorced,85696,714,395,4,9
4088,1962,PhD,Together,31497,108,28,3,4
4971,1962,PhD,Together,31497,108,28,3,4
4128,1962,PhD,Together,56067,517,54,7,7
4686,1962,PhD,Widow,82571,861,558,6,13
3635,1962,PhD,Single,52597,492,37,6,8
7129,1962,PhD,Married,54693,686,142,6,13
3009,1962,PhD,Widow,71670,1462,128,5,6
10232,1963,PhD,Divorced,48799,174,81,3,7
3850,1963,Basic,Together,14918,3,3,1,3
5011,1963,Graduation,Divorced,68118,595,123,8,4
1065,1963,Graduation,Single,80695,557,984,5,5
7019,1963,Graduation,Together,54414,109,16,3,5
10352,1963,Graduation,Widow,34213,50,28,3,2
9460,1963,Graduation,Married,22419,30,47,3,2
5117,1963,2n Cycle,Married,32632,63,137,4,8
4279,1963,2n Cycle,Single,39548,15,10,1,3
1448,1963,Master,Married,33562,21,12,2,4
3267,1963,Master,Together,57288,527,21,8,8
10524,1963,Master,Divorced,49476,386,95,2,5
5552,1963,Master,Divorced,48721,81,113,4,5
3033,1963,Master,Together,38620,112,44,2,3
7488,1963,Master,Single,64191,420,186,5,13
4119,1963,Master,Together,38620,112,44,2,3
5796,1963,Graduation,Married,77437,560,442,4,13
3855,1963,Graduation,Married,22419,30,47,3,2
1225,1963,Graduation,Married,80124,483,398,3,8
7059,1963,Graduation,Married,80124,483,398,3,8
55,1963,Graduation,Together,56253,509,65,7,9
10967,1963,Graduation,Divorced,33378,33,40,2,4
3595,1963,Graduation,Together,77226,631,239,6,12
2895,1963,Graduation,Single,49980,104,54,3,5
2891,1963,Graduation,Divorced,68118,595,123,8,4
9739,1963,Graduation,Single,34377,62,22,2,2
9973,1963,Graduation,Married,50437,370,92,7,8
5636,1963,Graduation,Single,30983,51,50,4,3
6168,1963,Graduation,Divorced,45146,33,5,1,2
2811,1963,PhD,Single,48918,52,9,1,4
213,1963,PhD,Single,23091,35,11,2,3
5062,1963,PhD,Married,54072,35,4,2,2
252,1963,PhD,Divorced,41003,123,142,6,8
9760,1963,PhD,Widow,52278,953,71,10,10
9150,1963,PhD,Single,48918,52,9,1,4
269,1963,PhD,Single,46757,777,163,4,7
6119,1963,PhD,Single,36736,10,3,1,2
5207,1963,PhD,Married,53378,489,152,9,6
9931,1963,PhD,Married,4023,5,1,0,0
2304,1963,PhD,Together,66313,625,99,6,12
7101,1963,PhD,Widow,52278,953,71,10,10
4673,1963,PhD,Married,81300,1004,145,10,5
8876,1963,PhD,Together,33629,132,16,3,4
10949,1963,PhD,Divorced,72968,1092,592,5,8
9153,1964,PhD,Married,59304,418,428,7,10
5589,1964,Graduation,Divorced,51983,631,115,9,10
7476,1964,Master,Single,63972,928,254,5,10
4114,1964,Master,Married,79143,650,780,6,13
4440,1964,Master,Married,64100,509,27,8,6
9426,1964,Master,Single,58308,691,69,2,3
3266,1964,Graduation,Married,42523,14,11,1,4
2661,1964,Graduation,Single,18701,12,2,2,4
8602,1964,Graduation,Divorced,69932,412,153,7,11
7533,1964,Graduation,Married,49096,144,32,4,4
48,1964,Graduation,Together,55761,136,12,4,3
6694,1964,Graduation,Married,75236,438,400,8,13
4702,1964,Graduation,Single,61839,1000,379,4,4
8439,1964,Graduation,Together,63404,734,70,6,4
405,1964,Graduation,Divorced,41638,315,31,5,3
3130,1964,Graduation,Single,18701,12,2,2,4
5389,1964,Graduation,Married,48920,238,68,6,5
1992,1964,Graduation,Married,60597,522,257,2,8
5909,1964,Graduation,Married,58512,895,101,3,8
10955,1964,Graduation,Widow,85620,416,925,3,4
2118,1964,2n Cycle,Married,62905,166,96,7,8
8726,1964,2n Cycle,Divorced,41713,77,44,3,4
8985,1964,2n Cycle,Together,68316,806,161,10,10
5278,1964,Graduation,Married,82224,307,360,6,5
574,1964,Graduation,Married,42523,14,11,1,4
3406,1964,Graduation,Single,45989,138,87,3,7
1137,1964,Graduation,Single,81246,398,537,4,7
2942,1964,Graduation,Single,45906,305,27,5,4
10637,1964,Graduation,Married,40800,24,27,3,3
8310,1964,Graduation,Together,68142,897,196,10,7
8605,1964,PhD,Together,46910,48,14,2,3
10789,1964,PhD,Married,45759,42,18,2,3
5290,1964,PhD,Married,41551,220,33,5,5
5626,1964,PhD,Single,61798,338,89,4,9
1665,1964,PhD,Divorced,64140,1459,61,2,6
2426,1964,PhD,Divorced,78825,483,114,5,13
10766,1964,PhD,Married,65526,397,69,4,8
9971,1964,PhD,Married,65526,397,69,4,8
6431,1964,PhD,Married,45759,42,18,2,3
5667,1964,PhD,Married,60896,1013,399,9,4
7411,1964,PhD,Married,31686,11,5,1,3
6875,1965,PhD,Together,32727,167,180,7,5
4252,1965,Graduation,Married,44375,213,28,4,6
9560,1965,Graduation,Together,83003,856,570,7,8
945,1965,Graduation,Together,36317,87,25,3,4
9451,1965,Graduation,Married,73538,811,428,10,9
6218,1965,Graduation,Married,59594,457,29,8,7
8553,1965,Graduation,Married,44300,30,9,1,3
3955,1965,Graduation,Divorced,4861,2,1,0,0
988,1965,Graduation,Married,81168,410,592,6,7
232,1965,Graduation,Single,61559,279,88,4,10
4554,1965,Graduation,Together,47009,171,73,3,8
8897,1965,Graduation,Single,42720,392,91,7,7
10451,1965,Graduation,Together,29672,9,3,0,3
2471,1965,Graduation,Married,61482,48,68,3,6
20,1965,2n Cycle,Married,46891,43,23,2,4
7725,1965,2n Cycle,Married,76800,173,255,4,7
7010,1965,2n Cycle,Married,70924,635,254,6,7
4767,1965,2n Cycle,Married,70924,635,254,6,7
2246,1965,2n Cycle,Married,46891,43,23,2,4
2223,1965,2n Cycle,Divorced,64176,1215,249,8,8
796,1965,2n Cycle,Divorced,60161,584,212,11,8
1491,1965,2n Cycle,Together,71488,162,124,3,7
3011,1965,Graduation,Married,69139,86,75,4,5
4198,1965,Graduation,Together,29672,9,3,0,3
6673,1965,Graduation,Single,23478,28,27,3,3
9999,1965,Graduation,Together,75276,610,125,9,9
3535,1965,Graduation,Single,66294,251,334,4,5
5610,1965,Graduation,Together,33456,7,10,1,3
1618,1965,Graduation,Together,56046,577,64,10,8
194,1965,Graduation,Married,48006,23,11,1,3
6652,1965,Graduation,Married,77343,227,573,3,9
10936,1965,Graduation,Married,72190,597,597,5,4
10127,1965,Graduation,Married,58692,301,61,8,4
10260,1965,Master,Together,45143,202,74,6,5
1600,1965,Master,Married,56962,292,77,6,5
10258,1965,Master,Single,35791,27,5,1,3
7108,1965,Master,Widow,51390,205,47,5,5
8527,1965,Master,Together,65735,239,119,6,6
4501,1965,Master,Single,69882,292,635,3,9
5114,1965,Master,Married,74806,670,249,5,5
5985,1965,Master,Single,33168,80,37,2,4
1518,1965,Master,Married,62694,379,157,9,7
8925,1965,Master,Married,70053,512,98,8,10
2262,1965,Master,Together,45143,202,74,6,5
5272,1965,Master,Married,53843,378,88,8,3
8953,1965,Master,Single,35791,27,5,1,3
1272,1965,Master,Single,55250,664,83,7,10
11171,1965,Master,Married,56962,292,77,6,5
246,1965,Graduation,Married,66480,199,57,4,7
10157,1965,Graduation,Single,59686,89,89,4,6
4141,1965,Graduation,Together,71613,426,127,8,10
9362,1965,Graduation,Single,69263,492,32,9,7
1045,1965,Graduation,Together,52117,112,107,5,4
5748,1965,Graduation,Married,59754,115,44,5,6
5232,1965,Graduation,Married,69139,86,75,4,5
3696,1965,Graduation,Divorced,30630,27,12,2,3
1744,1965,Basic,Single,23529,9,13,1,2
10466,1965,Graduation,Married,44393,24,20,1,4
8275,1965,PhD,Divorced,47025,16,3,1,2
7789,1965,PhD,Married,84618,684,801,6,10
4394,1965,PhD,Married,81051,1142,249,5,12
1966,1965,PhD,Married,84618,684,801,6,10
1072,1965,PhD,Single,40760,70,17,2,3
5441,1965,PhD,Widow,54111,267,54,5,6
1030,1965,PhD,Single,40637,22,13,1,3
10686,1965,PhD,Together,34230,15,4,1,2
3924,1965,PhD,Divorced,57912,801,80,8,12
9606,1965,PhD,Married,69969,882,514,4,6
8286,1965,PhD,Together,51717,98,17,3,4
4837,1965,PhD,Married,71322,753,226,8,13
1461,1965,PhD,Divorced,36921,17,12,2,3
1631,1965,PhD,Together,65220,890,292,8,7
6466,1965,PhD,Married,57236,105,9,2,4
3233,1965,PhD,Married,62745,562,464,7,11
1459,1966,PhD,Married,69063,666,124,5,5
4550,1966,Master,Together,33564,61,3,1,3
4050,1966,Master,Married,49605,42,29,2,4
3934,1966,Graduation,Married,61286,356,107,7,8
3007,1966,Graduation,Together,37758,27,10,1,3
4947,1966,2n Cycle,Single,89572,606,974,7,9
2561,1966,Graduation,Single,63810,977,253,4,12
6749,1966,Graduation,Single,86358,957,494,5,6
5841,1966,Graduation,Together,60894,606,155,10,8
524,1966,Basic,Together,22634,2,11,2,2
880,1966,Basic,Together,22634,2,11,2,2
5513,1966,Graduation,Together,37758,27,10,1,3
868,1966,Graduation,Married,44794,54,7,2,3
7396,1966,Graduation,Married,80398,342,936,5,12
6679,1966,Graduation,Single,33279,10,3,0,3
4706,1966,Graduation,Single,34704,29,5,1,3
10129,1966,Graduation,Together,82427,482,509,3,12
7212,1966,Graduation,Married,44794,54,7,2,3
4370,1966,Graduation,Together,43482,18,32,2,4
10383,1966,Graduation,Divorced,70287,295,482,5,10
9699,1966,Graduation,Divorced,67272,357,271,6,12
11112,1966,Graduation,Together,70713,736,279,5,8
5543,1966,Graduation,Together,57811,545,114,7,11
4168,1966,Graduation,Single,37070,231,137,5,8
6609,1966,Graduation,Widow,27038,1,25,3,3
966,1966,Graduation,Married,44529,538,91,6,11
2493,1966,Graduation,Married,61286,356,107,7,8
1245,1966,Graduation,Single,63810,977,253,4,12
10102,1966,Graduation,Widow,79946,395,565,5,5
6798,1966,Graduation,Single,37070,231,137,5,8
1158,1966,Graduation,Divorced,48877,102,15,3,4
3050,1966,Graduation,Married,54198,185,28,3,6
2639,1966,Graduation,Single,43602,19,12,3,2
6281,1966,Graduation,Divorced,55686,673,199,6,5
2715,1966,Master,Divorced,29435,70,37,3,2
635,1966,Master,Married,57183,464,64,9,7
115,1966,Master,Single,43456,275,68,5,8
1177,1966,Master,Together,49618,80,26,3,3
6690,1966,Master,Married,38179,38,22,3,3
5223,1966,Master,Together,45903,33,10,2,3
4754,1966,Master,Married,33585,30,33,2,4
9725,1966,PhD,Together,28764,8,3,1,2
832,1966,PhD,Together,65814,561,113,8,10
7053,1966,PhD,Single,78420,604,674,3,8
7186,1966,PhD,Together,30843,24,2,1,2
6940,1966,PhD,Single,46734,100,39,3,3
10242,1966,PhD,Together,47472,56,11,2,4
9185,1966,PhD,Single,69759,452,514,4,5
6237,1966,PhD,Single,7144,81,33,23,1
4609,1966,PhD,Married,57705,383,53,8,6
3321,1967,PhD,Together,56575,421,90,7,7
6222,1967,Graduation,Married,22574,25,8,2,3
606,1967,Graduation,Single,25930,6,2,1,2
771,1967,Graduation,Together,54178,135,39,2,5
4910,1967,Graduation,Divorced,68743,1132,384,11,13
6327,1967,Graduation,Together,65777,565,435,2,6
10992,1967,Graduation,Together,75702,650,353,4,11
3388,1967,Graduation,Divorced,70844,129,67,6,5
6887,1967,Graduation,Single,79146,245,223,8,8
6409,1967,Graduation,Divorced,57136,267,599,7,7
238,1967,2n Cycle,Together,67309,515,181,9,9
5081,1967,2n Cycle,Together,47821,9,16,1,3
6205,1967,Master,Single,32557,34,29,2,3
7446,1967,Master,Together,62513,520,98,6,10
8920,1967,Master,Single,59235,448,469,11,12
7791,1967,Master,Married,37054,12,6,1,3
1544,1967,Master,Divorced,81380,741,689,4,10
5234,1967,2n Cycle,Together,30753,12,25,1,3
2826,1967,Graduation,Married,22574,25,8,2,3
1386,1967,Graduation,Together,32474,10,1,1,2
7500,1967,Graduation,Single,79146,245,223,8,8
1991,1967,Graduation,Together,44931,78,11,2,3
6931,1967,Graduation,Divorced,76982,464,292,8,4
2694,1967,Graduation,Married,42664,21,3,1,3
9648,1967,Graduation,Single,46904,153,56,5,4
10402,1967,Graduation,Married,35441,25,9,1,3
5831,1967,Graduation,Married,77870,1017,500,5,5
5837,1967,Graduation,Married,51479,247,160,6,6
641,1967,Graduation,Single,52074,59,12,2,2
10598,1967,Graduation,Together,27943,12,16,2,3
6445,1967,Graduation,Together,66825,243,405,4,6
10870,1967,Graduation,Married,61223,709,182,9,4
4640,1967,Graduation,Divorced,70647,561,171,4,13
10757,1967,PhD,Divorced,28420,4,5,1,2
8911,1967,PhD,Married,56320,201,172,5,9
1921,1967,PhD,Married,59062,46,12,2,3
1685,1967,PhD,Together,62981,796,590,4,13
5153,1967,PhD,Married,77766,1004,265,11,11
10827,1967,PhD,Married,36947,88,21,3,4
5975,1967,PhD,Single,40304,37,17,2,3
1131,1967,PhD,Single,52569,85,3,2,4
6912,1967,PhD,Married,63246,593,91,6,12
4127,1967,PhD,Married,77766,1004,265,11,11
3286,1967,PhD,Divorced,26642,13,15,2,3
4867,1968,PhD,Single,38236,58,18,3,4
8159,1968,Graduation,Married,51287,117,22,4,3
7381,1968,Graduation,Divorced,75693,797,293,11,6
6116,1968,2n Cycle,Married,48985,19,18,1,3
3798,1968,Graduation,Married,41120,24,23,2,3
8523,1968,Graduation,Married,19329,24,16,4,3
9645,1968,Graduation,Married,64590,920,168,9,10
9166,1968,Graduation,Married,63967,387,141,4,12
1970,1968,Master,Together,34053,63,21,3,3
10855,1968,Master,Single,50014,234,77,4,8
6283,1968,Master,Divorced,63841,635,100,9,9
7527,1968,Master,Divorced,23748,6,29,2,3
4096,1968,Master,Divorced,41335,112,21,4,4
3421,1968,Master,Divorced,63841,635,100,9,9
968,1968,Master,Divorced,41335,112,21,4,4
4391,1968,Master,Divorced,63841,635,100,9,9
7419,1968,Master,Divorced,27071,8,19,2,3
4227,1968,Master,Together,32889,28,13,2,3
7007,1968,Master,Married,29543,17,18,3,2
6720,1968,Master,Together,43795,314,53,7,4
7683,1968,Master,Married,70777,554,113,5,12
9671,1968,Graduation,Married,19514,14,21,3,2
6892,1968,Graduation,Divorced,61671,641,56,10,6
10951,1968,Graduation,Married,45688,279,18,3,8
10176,1968,Graduation,Single,57107,159,120,4,8
7842,1968,Graduation,Single,36065,18,34,3,3
7124,1968,Graduation,Divorced,36997,43,12,2,4
3767,1968,Graduation,Married,61314,378,189,5,12
4749,1968,Graduation,Together,58554,368,68,8,6
5959,1968,Graduation,Single,35893,158,23,3,5
10424,1968,Graduation,Single,75922,265,553,4,9
8975,1968,Graduation,Married,19514,14,21,3,2
850,1968,Graduation,Single,70566,381,215,6,9
6263,1968,Graduation,Together,35322,28,37,2,4
7286,1968,Graduation,Together,41728,13,15,2,2
803,1968,Graduation,Together,40521,12,5,0,2
313,1968,Graduation,Widow,73455,901,757,6,10
9206,1968,Graduation,Together,77382,491,231,5,12
1343,1968,Graduation,Together,58554,368,68,8,6
1404,1968,Graduation,Together,34916,51,82,5,3
2570,1968,Graduation,Together,56534,691,61,10,7
9799,1968,PhD,Divorced,83664,866,151,2,12
6927,1968,PhD,Married,44377,224,30,5,5
10542,1968,PhD,Married,36778,29,34,3,3
11007,1968,PhD,Married,29187,26,6,1,3
1184,1968,PhD,Divorced,69674,554,215,10,10
3526,1968,PhD,Married,38443,32,5,1,3
8375,1968,PhD,Married,55954,447,28,8,6
6299,1968,PhD,Divorced,42564,324,186,6,4
5180,1968,PhD,Divorced,50616,128,16,4,4
1734,1968,PhD,Together,40706,59,11,3,4
10490,1969,PhD,Married,51039,100,79,6,4
6404,1969,Graduation,Together,58917,151,89,4,6
10968,1969,Graduation,Single,57731,266,300,8,6
4580,1969,Graduation,Married,75759,1394,708,9,9
4399,1969,Graduation,Together,68695,458,356,4,7
2683,1969,Graduation,Married,52413,295,271,6,12
2516,1969,2n Cycle,Married,46831,22,10,1,2
5564,1969,Graduation,Together,62882,509,497,7,6
7987,1969,Graduation,Married,65747,346,48,8,6
9862,1969,Graduation,Together,21918,1,7,2,3
7254,1969,Graduation,Together,38361,39,56,3,3
3667,1969,Graduation,Married,80952,778,689,8,11
10785,1969,Graduation,Married,44078,24,10,2,3
2004,1969,Graduation,Single,72679,619,260,4,5
7892,1969,Graduation,Single,18589,6,25,2,3
7947,1969,Graduation,Married,42231,24,8,1,3
697,1969,Graduation,Together,74918,972,913,5,6
9597,1969,Graduation,Married,73448,236,189,7,9
5847,1969,Graduation,Divorced,69901,312,206,7,10
2147,1969,Graduation,Together,76653,736,946,4,11
9888,1969,Graduation,Together,68695,458,356,4,7
10591,1969,Graduation,Widow,43638,63,83,4,4
2686,1969,Basic,Together,22390,0,4,1,2
5252,1969,Graduation,Divorced,23910,16,18,2,3
78,1969,Graduation,Married,25293,15,11,1,2
2807,1969,Graduation,Married,56796,656,161,8,7
2245,1969,Master,Married,43641,57,51,2,4
6866,1969,Master,Together,35924,8,14,1,3
6606,1969,Master,Married,70091,964,137,5,10
7930,1969,Master,Single,26877,101,76,3,6
3547,1969,Master,Together,41021,14,9,2,3
8093,1969,Master,Married,79734,572,232,4,6
8932,1969,Master,Together,65176,960,183,9,6
6461,1969,Master,Single,62772,581,157,5,11
7444,1969,Master,Married,42169,19,9,1,3
4487,1969,Master,Single,39858,15,25,2,4
807,1969,Master,Together,44602,167,89,6,4
8732,1969,Master,Widow,67369,1298,70,7,10
9907,1969,Master,Together,66476,742,152,6,10
361,1969,Master,Married,43142,5,7,1,2
2075,1969,Graduation,Married,72460,377,540,3,7
5621,1969,Graduation,Married,48752,73,100,6,5
10704,1969,Graduation,Single,54803,404,92,6,9
2410,1969,Graduation,Single,81657,364,425,3,8
1517,1969,Graduation,Single,30822,3,13,1,3
10311,1969,Graduation,Married,4428,16,12,25,0
8562,1969,Graduation,Together,54165,127,73,2,7
4297,1969,Graduation,Together,23228,13,18,2,3
3436,1969,Graduation,Married,14045,11,5,1,3
8775,1969,Graduation,Together,38361,39,56,3,3
5517,1969,Graduation,Married,25293,15,11,1,2
1052,1969,Graduation,Married,56796,656,161,8,7
271,1969,Graduation,Widow,40590,154,50,3,3
7699,1969,Graduation,Widow,40590,154,50,3,3
2261,1969,Graduation,Married,26304,4,5,1,2
5229,1969,PhD,Together,54132,30,8,1,3
4070,1969,PhD,Married,94871,169,553,8,4
2072,1969,PhD,Together,53374,896,101,4,9
3570,1969,PhD,Together,42731,159,51,4,5
9710,1969,PhD,Divorced,58086,708,62,11,7
10299,1969,PhD,Single,48240,389,248,6,13
9707,1969,PhD,Married,55212,1103,45,4,11
2416,1969,PhD,Single,66582,789,420,2,9
6184,1969,PhD,Married,68462,561,785,3,8
8341,1969,PhD,Married,30396,15,6,1,2
9336,1969,PhD,Widow,62187,512,83,6,10
7279,1969,PhD,Together,69476,260,559,4,4
10872,1969,PhD,Married,55212,1103,45,4,11
4743,1969,PhD,Married,56242,689,167,8,11
2098,1969,PhD,Married,33581,11,5,1,2
4597,1970,PhD,Together,82072,889,685,3,13
5267,1970,Graduation,Divorced,33986,16,18,1,3
1592,1970,Graduation,Married,90765,547,812,4,5
8945,1970,Graduation,Divorced,54137,171,11,4,4
9204,1970,Graduation,Widow,66731,371,194,4,6
3099,1970,Graduation,Divorced,44267,183,65,5,4
3525,1970,Graduation,Together,38200,12,4,1,2
143,1970,Graduation,Single,61209,466,224,5,4
10914,1970,Graduation,Single,24163,4,7,1,3
7409,1970,Graduation,Together,53187,211,30,4,6
291,1970,Graduation,Married,72940,182,298,3,6
2428,1970,Graduation,Married,28164,3,26,2,4
4557,1970,Graduation,Together,22070,10,19,2,2
10133,1970,Graduation,Single,93790,1302,731,6,12
10159,1970,Graduation,Divorced,58710,440,368,11,9
4406,1970,Graduation,Together,67419,846,352,9,8
3887,1970,Graduation,Single,27242,3,26,2,3
2281,1970,Graduation,Single,33697,4,7,1,2
498,1970,Graduation,Single,30015,25,22,1,4
5710,1970,Graduation,Together,40548,110,5,2,4
3389,1970,Graduation,Married,69016,726,363,8,13
49,1970,Graduation,Single,20587,2,6,1,2
1357,1970,Graduation,Together,74854,856,487,2,5
1826,1970,Graduation,Divorced,84835,189,379,4,6
4611,1970,Graduation,Together,105471,1009,104,9,13
1160,1970,Graduation,Married,13260,9,17,3,3
10065,1970,2n Cycle,Married,15315,7,13,2,4
9672,1970,2n Cycle,Married,23162,8,9,1,3
5156,1970,2n Cycle,Married,62466,129,259,6,12
5740,1970,2n Cycle,Divorced,25959,4,12,1,2
8420,1970,2n Cycle,Married,15315,7,13,2,4
10681,1970,2n Cycle,Married,62466,129,259,6,12
3968,1970,2n Cycle,Divorced,65706,918,129,11,12
5544,1970,Graduation,Single,67384,957,175,7,5
9817,1970,Master,Single,44802,853,143,9,12
6072,1970,Master,Single,75345,918,842,5,6
4200,1970,Master,Married,44159,167,62,4,6
6613,1970,Master,Married,44511,513,133,8,8
2939,1970,Master,Together,79419,751,687,4,4
273,1970,Master,Married,36138,130,16,3,4
590,1970,Master,Divorced,78579,816,549,5,4
310,1970,Master,Married,61872,330,159,4,9
3376,1970,Master,Divorced,55282,125,73,3,6
2557,1970,Master,Single,29548,7,6,1,2
1349,1970,Graduation,Married,50447,85,24,3,3
2181,1970,Graduation,Married,70617,353,753,3,7
5848,1970,Graduation,Together,81205,724,929,5,7
1726,1970,Graduation,Single,22585,3,15,1,2
9213,1970,Graduation,Widow,31880,4,5,1,2
4860,1970,Graduation,Single,24206,7,8,1,3
4023,1970,Graduation,Married,22979,16,19,3,2
3599,1970,Graduation,Married,63684,575,428,8,8
11114,1970,Graduation,Together,19656,25,9,2,3
4974,1970,Graduation,Single,83273,433,650,4,9
5474,1970,Graduation,Single,43020,45,99,4,4
3507,1970,Graduation,Single,76467,676,426,2,5
10281,1970,Graduation,Divorced,64713,180,241,5,7
340,1970,Graduation,Divorced,72967,158,179,7,8
4973,1970,Graduation,Single,20587,2,6,1,2
10854,1970,PhD,Married,38853,29,14,2,3
4286,1970,PhD,Single,57642,580,58,7,6
1204,1970,PhD,Married,67536,1253,447,11,11
4472,1970,PhD,Divorced,35682,23,8,1,3
9703,1970,PhD,Married,38097,77,35,3,2
4220,1970,PhD,Married,59892,73,13,2,3
4339,1970,PhD,Married,67353,702,151,5,12
4785,1970,PhD,Together,77622,520,154,6,11
10727,1970,PhD,Married,69084,1181,199,7,13
2230,1970,PhD,Married,23626,27,14,3,3
5299,1970,PhD,Married,69084,1181,199,7,13
1029,1970,PhD,Together,64413,200,44,5,5
11176,1970,PhD,Together,65968,376,83,5,7
7849,1970,PhD,Married,80336,209,456,2,13
5823,1970,PhD,Single,32303,35,2,1,4
6653,1970,PhD,Married,55158,293,87,7,5
1818,1971,PhD,Together,29732,25,8,2,2
2886,1971,Master,Divorced,74290,1121,72,10,10
8486,1971,Master,Together,30538,284,52,9,4
6417,1971,Master,Together,80573,829,430,4,13
8773,1971,Master,Together,57420,280,18,5,6
4301,1971,Master,Married,35178,23,13,1,2
6471,1971,Master,Single,36230,14,30,2,4
9209,1971,Master,Together,80573,829,430,4,13
8212,1971,Master,Married,39791,85,27,3,4
378,1971,Graduation,Married,52531,283,151,7,10
8643,1971,Graduation,Together,69930,252,827,4,12
1968,1971,Graduation,Widow,45684,5,5,1,2
7261,1971,Graduation,Together,34600,199,60,5,5
5068,1971,Graduation,Single,22804,14,7,2,2
4356,1971,Graduation,Together,71819,1224,140,3,5
4042,1971,Graduation,Divorced,43300,91,52,4,4
8842,1971,Graduation,Widow,30372,15,12,2,3
4927,1971,Graduation,Together,16626,8,22,3,3
7022,1971,Graduation,Married,76445,739,309,2,13
1606,1971,Graduation,Together,38590,3,8,1,2
3254,1971,Graduation,Married,70886,407,239,5,4
9668,1971,Graduation,Married,18793,4,20,2,4
6230,1971,Graduation,Divorced,44421,110,59,5,4
843,1971,Graduation,Married,64722,303,280,8,11
2337,1971,Graduation,Divorced,29819,9,24,3,3
5204,1971,Graduation,Together,74538,380,733,8,5
9220,1971,Graduation,Single,91700,576,961,8,5
3673,1971,Graduation,Single,55239,371,238,7,11
6862,1971,Graduation,Divorced,1730,1,3,0,0
247,1971,Graduation,Married,36715,172,125,7,4
1628,1971,Graduation,Together,71796,354,311,9,4
2452,1971,Graduation,Together,34600,199,60,5,5
6941,1971,Graduation,Single,31632,17,12,2,2
5939,1971,Graduation,Together,38232,43,28,3,3
948,1971,Graduation,Single,10245,4,7,1,2
965,1971,Graduation,Divorced,55635,235,164,7,7
10735,1971,Graduation,Single,22804,14,7,2,2
9256,1971,Graduation,Single,58350,493,206,8,12
4095,1971,Graduation,Married,37150,167,64,4,6
1802,1971,Graduation,Married,64795,412,119,3,12
8036,1971,2n Cycle,Together,26850,31,13,2,4
8360,1971,2n Cycle,Married,54690,111,37,3,5
1890,1971,2n Cycle,Together,42033,11,4,1,2
7426,1971,2n Cycle,Married,54690,111,37,3,5
9516,1971,2n Cycle,Divorced,49118,620,239,9,10
8204,1971,2n Cycle,Married,78041,482,553,4,9
10736,1971,Graduation,Single,72258,522,522,6,5
7414,1971,Graduation,Married,43824,96,42,3,4
8082,1971,Graduation,Married,25721,1,6,1,2
10319,1971,Graduation,Married,66303,1090,96,3,11
6147,1971,Graduation,Divorced,25818,5,8,0,2
9392,1971,Graduation,Single,26954,4,11,1,2
9216,1971,Graduation,Married,35788,23,11,2,3
701,1971,Graduation,Married,73691,707,250,6,8
2154,1971,Graduation,Widow,30372,15,12,2,3
4377,1971,Graduation,Married,52914,254,44,7,3
2656,1971,Graduation,Divorced,40851,23,7,1,2
7901,1971,Master,Married,34109,9,5,0,3
773,1971,Master,Divorced,42835,379,93,6,4
5336,1971,Master,Together,157733,39,9,1,1
5313,1971,Master,Married,38196,30,11,2,4
2521,1971,Master,Married,35178,23,13,1,2
9780,1971,Master,Together,71499,465,132,8,13
8581,1971,Master,Married,49505,604,100,10,8
3524,1971,Master,Single,39763,80,60,5,2
7326,1971,Master,Married,56850,34,19,1,3
5684,1971,Master,Divorced,44635,56,9,2,3
8334,1971,Master,Single,33316,79,31,2,4
7275,1971,Master,Single,33316,79,31,2,4
6019,1971,PhD,Married,37126,45,9,1,2
4381,1971,PhD,Married,46463,163,40,3,6
1079,1971,PhD,Married,71969,1000,76,3,9
5455,1971,PhD,Married,32011,99,15,2,4
8041,1971,PhD,Widow,47111,595,153,3,10
11088,1971,PhD,Together,78642,1396,322,4,4
5113,1971,PhD,Divorced,86979,584,835,5,5
17,1971,PhD,Married,60491,637,237,6,7
6383,1971,PhD,Together,32892,26,15,3,3
5048,1971,PhD,Single,42767,20,43,3,2
9240,1971,PhD,Single,60504,458,24,6,8
3478,1971,PhD,Married,60585,267,309,7,9
3967,1971,PhD,Married,78931,331,170,2,13
10536,1971,PhD,Together,32892,26,15,3,3
8890,1971,PhD,Divorced,65808,155,80,5,5
1064,1971,PhD,Married,42403,22,11,1,3
3916,1971,PhD,Together,49269,639,166,7,12
2836,1972,PhD,Married,43269,10,7,1,2
9010,1972,Master,Married,83151,968,842,5,10
1048,1972,Master,Married,35641,63,67,3,4
67,1972,Master,Single,46423,68,16,2,4
5954,1972,Master,Divorced,42618,76,74,5,4
9923,1972,Master,Single,46423,68,16,2,4
1859,1972,Master,Married,75251,721,925,7,5
5154,1972,Master,Divorced,37760,26,13,2,3
8216,1972,Master,Married,53761,158,76,4,3
5883,1972,Graduation,Married,77981,138,204,7,7
961,1972,Graduation,Married,74716,133,421,7,5
2176,1972,Graduation,Married,80134,1218,272,5,6
4444,1972,Graduation,Married,30023,11,16,2,3
2375,1972,Graduation,Together,30261,8,5,0,3
2157,1972,Graduation,Together,26290,15,16,2,4
2350,1972,Graduation,Married,59666,623,178,3,8
9145,1972,Graduation,Single,72504,604,470,5,6
5585,1972,Graduation,Single,21359,12,17,2,3
1920,1972,Graduation,Married,40321,44,21,3,3
195,1972,Graduation,Single,38808,125,52,5,4
9121,1972,Graduation,Married,80134,1218,272,5,6
2371,1972,Graduation,Married,33622,39,22,2,4
3900,1972,Graduation,Married,65685,642,49,9,9
1143,1972,Graduation,Married,22063,7,13,2,3
8443,1972,Graduation,Single,24762,6,12,3,2
2324,1972,Graduation,Together,77044,625,242,7,11
2088,1972,Graduation,Together,84906,997,414,5,12
2392,1972,Graduation,Married,40321,44,21,3,3
5654,1972,Graduation,Married,36026,20,10,2,3
3439,1972,Graduation,Married,56721,157,39,4,5
3722,1972,Graduation,Single,44503,31,8,2,3
7233,1972,Graduation,Married,69209,496,849,5,6
2589,1972,Graduation,Divorced,26759,25,16,2,3
1362,1972,Graduation,Single,31907,33,64,6,6
9757,1972,Graduation,Together,84906,997,414,5,12
4290,1972,Graduation,Married,30467,1,8,1,2
10219,1972,Graduation,Together,31590,6,15,1,3
4148,1972,Graduation,Married,38988,164,103,5,6
10084,1972,Graduation,Married,24434,3,8,2,2
3598,1972,Graduation,Married,62710,441,83,4,12
6658,1972,Graduation,Together,59868,771,154,11,12
9958,1972,Graduation,Married,65685,642,49,9,9
11100,1972,Graduation,Divorced,51813,51,7,2,3
5802,1972,Basic,Married,14188,2,11,2,4
9850,1972,2n Cycle,Married,24884,3,7,0,3
1378,1972,2n Cycle,Together,50334,284,160,7,6
7000,1972,2n Cycle,Single,65704,279,74,2,10
7798,1972,2n Cycle,Together,46344,233,57,7,5
3283,1972,2n Cycle,Married,70932,200,100,6,12
1646,1972,Basic,Married,25224,4,12,1,3
5788,1972,Graduation,Together,46053,56,92,3,4
4099,1972,Graduation,Married,30675,10,16,1,3
7165,1972,Graduation,Together,64474,381,172,8,10
11178,1972,Master,Single,42394,15,10,1,3
5763,1972,Master,Together,49854,123,171,6,5
851,1972,Master,Married,57136,306,109,5,10
10380,1972,Master,Married,37787,40,40,3,3
2666,1972,Master,Married,76234,519,167,8,11
6141,1972,Master,Single,49494,191,97,6,5
8858,1972,PhD,Married,44325,516,21,8,7
8970,1972,PhD,Married,62010,371,39,6,7
6974,1972,PhD,Together,83443,518,742,6,5
1519,1972,PhD,Single,38578,38,22,3,3
916,1972,PhD,Single,41644,20,4,1,3
4012,1972,PhD,Together,62220,799,375,7,5
3075,1972,PhD,Married,59973,130,168,3,7
5545,1972,PhD,Married,78075,572,259,3,5
9826,1972,PhD,Single,86857,899,838,5,10
460,1972,PhD,Married,79930,792,740,3,8
10146,1972,PhD,Together,38887,25,13,1,3
3645,1972,PhD,Single,27213,19,26,2,4
2587,1972,PhD,Married,29791,14,6,2,3
5830,1972,PhD,Single,86857,899,838,5,10
9029,1972,PhD,Married,70116,707,603,2,12
5824,1972,PhD,Together,34578,7,1,1,2
339,1972,PhD,Married,57091,462,24,9,5
9224,1972,PhD,Single,55260,825,53,8,5
9080,1972,PhD,Single,38578,38,22,3,3
5107,1973,PhD,Divorced,35860,15,8,1,2
8140,1973,Graduation,Together,22682,10,29,2,4
7072,1973,Graduation,Married,67432,432,341,8,4
2870,1973,Graduation,Married,49094,376,38,6,6
675,1973,Master,Divorced,52034,146,93,4,5
5300,1973,Master,Married,38961,19,19,2,2
4480,1973,Master,Married,60432,365,15,7,5
4877,1973,Master,Married,38576,34,7,1,3
5320,1973,Master,Divorced,44051,79,58,3,4
2256,1973,Master,Married,27159,17,3,1,3
3594,1973,Master,Married,54108,539,91,8,9
3231,1973,Graduation,Married,37971,5,10,1,3
5287,1973,Graduation,Married,34961,45,26,3,3
8923,1973,Graduation,Single,83917,514,732,6,7
1020,1973,Graduation,Married,79593,350,568,5,7
2478,1973,Graduation,Married,25410,2,4,1,4
7297,1973,Graduation,Single,7500,5,10,3,3
5136,1973,Graduation,Single,65333,654,92,9,8
1928,1973,Graduation,Married,31814,35,20,2,3
274,1973,Graduation,Single,34853,9,15,2,3
3158,1973,Graduation,Married,32300,13,6,1,3
9977,1973,Graduation,Divorced,78901,321,309,9,5
2727,1973,Graduation,Together,57100,181,69,3,6
1523,1973,Graduation,Married,59041,69,15,2,4
10722,1973,Graduation,Together,55593,293,124,6,3
1212,1973,Graduation,Married,52845,384,292,8,6
3678,1973,Graduation,Widow,60208,488,71,8,7
4098,1973,Graduation,Married,24639,20,16,2,4
793,1973,Graduation,Married,20895,18,17,2,3
8595,1973,Graduation,Widow,42429,55,6,1,3
10489,1973,Graduation,Married,92955,693,925,6,9
10701,1973,Graduation,Married,65308,713,264,7,12
7628,1973,2n Cycle,Married,43050,30,24,2,4
3310,1973,2n Cycle,Married,35688,73,90,4,4
1927,1973,2n Cycle,Together,69401,399,159,4,5
5885,1973,2n Cycle,Married,35688,73,90,4,4
4937,1973,2n Cycle,Married,46094,12,20,1,3
10033,1973,2n Cycle,Divorced,31163,2,10,1,3
5751,1973,2n Cycle,Divorced,31163,2,10,1,3
5346,1973,2n Cycle,Married,23559,25,19,3,3
8504,1973,Graduation,Married,79593,350,568,5,7
8234,1973,Basic,Together,27190,1,7,1,2
6682,1973,Basic,Married,18978,2,1,1,3
7349,1973,Basic,Together,9722,6,16,3,3
1176,1973,Graduation,Married,26228,2,4,1,2
7441,1973,Graduation,Divorced,71128,958,447,2,12
7232,1973,Graduation,Widow,42429,55,6,1,3
11110,1973,Graduation,Single,3502,2,1,0,0
326,1973,Graduation,Married,51148,235,45,5,6
4643,1973,Graduation,Married,27803,8,46,3,4
7011,1973,Graduation,Married,33471,43,27,3,4
3749,1973,Graduation,Together,73926,627,597,6,12
10430,1973,Graduation,Divorced,89694,1126,211,4,4
2036,1973,PhD,Together,57906,243,119,4,8
7660,1973,PhD,Alone,35860,15,8,1,2
8475,1973,PhD,Married,157243,20,1582,0,0
10022,1973,PhD,Single,54466,12,4,1,2
10795,1973,PhD,Married,37401,19,19,2,3
10477,1973,PhD,Together,39435,71,18,3,2
3182,1973,PhD,Single,46854,96,79,5,3
4298,1973,PhD,Together,20427,5,4,1,2
7873,1973,PhD,Together,63516,141,114,4,7
1626,1973,PhD,Divorced,35860,15,8,1,2
1958,1973,PhD,Together,55012,582,65,8,9
1127,1973,PhD,Married,85844,938,843,6,7
1041,1973,PhD,Single,48432,322,50,7,6
8070,1973,PhD,Married,54222,199,31,3,5
492,1973,PhD,YOLO,48432,322,50,7,6
2055,1973,PhD,Divorced,35860,15,8,1,2
5929,1973,PhD,Married,37401,19,19,2,3
5370,1973,PhD,Married,32644,239,141,7,6
11133,1973,PhD,YOLO,48432,322,50,7,6
4855,1974,PhD,Together,30351,14,24,3,2
2106,1974,2n Cycle,Married,20130,0,3,1,3
3363,1974,2n Cycle,Married,20130,0,3,1,3
4741,1974,2n Cycle,Married,65463,391,70,6,9
1321,1974,Graduation,Married,26067,22,18,3,3
1839,1974,Graduation,Single,43322,56,48,3,4
1743,1974,Graduation,Single,69719,273,208,2,5
10089,1974,Graduation,Divorced,102692,168,444,6,13
6398,1974,Basic,Married,18393,7,13,3,3
8372,1974,Graduation,Married,34421,3,7,1,2
6534,1974,Graduation,Together,47889,29,29,2,3
3083,1974,Graduation,Married,45837,215,87,6,5
520,1974,Graduation,Married,34421,3,7,1,2
368,1974,Graduation,Married,40049,91,52,3,6
5031,1974,Graduation,Together,83145,777,731,5,11
9967,1974,Graduation,Divorced,53034,160,196,6,7
1077,1974,Graduation,Together,56715,258,239,7,4
7848,1974,Graduation,Single,49166,224,25,5,3
10640,1974,Graduation,Together,44392,87,71,4,4
7807,1974,Graduation,Married,44989,98,106,5,5
3846,1974,Graduation,Married,42557,192,53,6,4
8663,1974,Graduation,Divorced,39996,11,3,1,2
9974,1974,Graduation,Married,30631,15,20,3,2
6661,1974,Graduation,Married,67445,757,217,9,12
5562,1974,Graduation,Married,60093,502,109,7,10
10897,1974,Graduation,Married,67445,757,217,9,12
6977,1974,Graduation,Together,75702,1073,629,10,13
5462,1974,Graduation,Married,67445,757,217,9,12
7617,1974,Graduation,Single,42373,67,61,2,5
8346,1974,Graduation,Single,32233,138,35,6,2
6961,1974,Graduation,Married,26751,1,5,1,2
2495,1974,Master,Married,83891,217,350,4,10
3643,1974,Master,Married,63206,750,125,4,6
2877,1974,Master,Together,46014,410,59,7,8
4865,1974,Master,Divorced,53367,229,140,5,8
3969,1974,Master,Together,43018,35,17,2,2
5177,1974,Master,Married,58494,298,68,6,6
4961,1974,Master,Together,21255,29,25,2,4
1361,1974,Master,Married,82584,1076,103,3,8
10104,1974,Graduation,Together,33590,4,2,1,2
5866,1974,Graduation,Together,48186,97,66,4,4
10432,1974,Graduation,Divorced,19346,2,9,1,3
11056,1974,Graduation,Married,72099,546,410,3,10
6818,1974,Graduation,Married,44989,98,106,5,5
5231,1974,2n Cycle,Married,45894,27,7,1,3
7613,1974,2n Cycle,Together,49669,166,107,5,6
2937,1974,PhD,Single,68352,614,132,8,9
2620,1974,PhD,Married,34596,14,2,1,2
2525,1974,PhD,Married,38410,153,123,5,9
5304,1974,PhD,Single,30899,24,8,1,3
5734,1974,PhD,Married,61917,46,36,2,4
3194,1974,PhD,Single,71466,412,546,4,10
8754,1974,PhD,Together,45068,14,3,1,2
1672,1974,PhD,Together,65640,204,149,5,8
5922,1974,PhD,Married,40344,210,6,4,5
5794,1974,PhD,Married,46374,408,21,7,7
8524,1974,PhD,Divorced,25509,40,30,3,3
2445,1974,PhD,Together,28440,38,24,2,3
6872,1974,PhD,Married,65352,284,84,4,8
5966,1974,PhD,Married,45207,203,10,3,6
5093,1974,PhD,Divorced,25509,40,30,3,3
2909,1974,PhD,Married,78128,934,230,8,6
1990,1974,PhD,Single,63159,965,586,3,8
5049,1974,PhD,Together,30351,14,24,3,2
5303,1974,PhD,Together,79632,471,510,6,9
1833,1974,PhD,Single,39190,68,18,2,4
8254,1974,PhD,Married,34596,14,2,1,2
7037,1974,PhD,Married,37087,194,134,4,8
9706,1974,PhD,Single,31560,62,20,2,3
10479,1975,PhD,Married,76618,749,294,3,5
6504,1975,2n Cycle,Together,19789,2,9,2,3
979,1975,Graduation,Single,33249,6,21,2,3
1170,1975,Graduation,Married,27573,50,110,5,4
5084,1975,Graduation,Widow,58330,445,213,6,13
5948,1975,Graduation,Single,57338,143,52,4,5
5555,1975,Graduation,Divorced,153924,1,1,0,0
2457,1975,Basic,Married,30801,8,5,1,3
10156,1975,Graduation,Single,84196,215,507,8,7
1406,1975,Graduation,Single,53201,280,81,6,5
7428,1975,Graduation,Together,80144,240,445,3,8
3422,1975,Graduation,Married,76068,1115,128,2,4
4122,1975,Graduation,Married,79205,504,117,6,4
9687,1975,Graduation,Single,73170,184,256,5,6
5538,1975,Graduation,Divorced,83829,897,430,4,6
9653,1975,Graduation,Married,35797,27,14,2,3
8916,1975,Graduation,Divorced,36627,9,5,0,3
7094,1975,Graduation,Widow,58330,445,213,6,13
10837,1975,Graduation,Married,23957,2,18,2,3
3910,1975,Graduation,Divorced,83829,897,430,4,6
3076,1975,Graduation,Together,66653,452,102,4,12
11148,1975,Graduation,Together,22280,2,4,1,2
1764,1975,Graduation,Single,33955,100,128,5,5
1676,1975,Graduation,Married,43057,213,44,4,5
907,1975,Graduation,Married,46149,254,71,5,7
1542,1975,Graduation,Single,56243,347,35,4,8
2021,1975,Graduation,Married,61456,563,384,6,13
6616,1975,Graduation,Together,59481,178,85,3,8
2815,1975,Graduation,Married,33183,7,39,4,3
10833,1975,Graduation,Married,65106,790,133,8,13
4084,1975,Graduation,Together,60934,224,155,6,11
3491,1975,Graduation,Together,55914,384,364,11,8
9507,1975,Graduation,Married,40794,261,73,6,5
1506,1975,Graduation,Single,42160,48,45,2,4
1388,1975,Graduation,Single,33249,6,21,2,3
3426,1975,Graduation,Divorced,70300,1045,338,5,13
10858,1975,Graduation,Together,76532,355,177,9,7
4426,1975,Graduation,Single,55801,367,51,7,6
10313,1975,Graduation,Married,48178,159,45,5,4
9014,1975,Graduation,Married,37085,39,16,3,3
810,1975,Graduation,Married,74190,151,86,4,11
11039,1975,Graduation,Married,51948,82,54,5,4
702,1975,2n Cycle,Widow,47682,162,83,4,8
2217,1975,2n Cycle,Married,37284,11,2,0,3
2882,1975,2n Cycle,Divorced,67893,711,142,3,9
7706,1975,2n Cycle,Together,46772,350,189,11,5
7235,1975,2n Cycle,Married,17003,2,12,2,4
89,1975,2n Cycle,Married,22212,5,20,2,4
203,1975,Master,Single,81169,1288,613,5,9
8210,1975,Master,Married,54730,318,17,4,8
10703,1975,Master,Single,46098,57,27,3,2
2139,1975,Master,Married,7500,3,10,2,3
4992,1975,Master,Together,17459,6,16,3,2
9,1975,Master,Single,46098,57,27,3,2
2296,1975,Master,Married,37368,3,11,1,2
1087,1975,Master,Together,22669,16,36,4,2
4093,1975,Master,Together,53253,216,57,4,5
10236,1975,Master,Single,31160,16,25,2,3
1515,1975,Master,Together,34176,11,7,1,3
5534,1975,Master,Married,47808,123,26,3,3
2804,1975,Master,Single,46098,57,27,3,2
7627,1975,Master,Married,92163,817,797,5,5
8962,1975,Master,Married,44319,26,8,2,3
1403,1975,2n Cycle,Together,34984,8,15,1,3
5289,1975,2n Cycle,Single,41658,8,12,1,2
4120,1975,2n Cycle,Single,49514,88,78,6,4
4102,1975,2n Cycle,Married,37284,11,2,0,3
10241,1975,2n Cycle,Divorced,11448,0,0,1,2
6050,1975,2n Cycle,Married,57036,1171,219,6,13
760,1975,PhD,Divorced,60554,588,76,8,9
8717,1975,PhD,Married,80427,1149,449,11,8
10841,1975,PhD,Together,56559,226,133,4,8
2928,1975,PhD,Single,52614,789,142,2,8
2920,1975,PhD,Single,52614,789,142,2,8
7943,1975,PhD,Married,36663,18,6,1,3
7872,1975,PhD,Married,86836,179,273,6,6
1772,1975,PhD,Married,79174,1074,518,5,7
3463,1975,PhD,Married,69283,674,134,7,13
839,1975,PhD,Married,45503,97,44,3,4
3066,1975,PhD,Together,61905,167,43,4,4
10095,1975,PhD,Divorced,74165,1001,240,5,10
2456,1975,PhD,Married,40233,80,46,2,5
8132,1975,PhD,Married,60631,565,65,9,8
6387,1976,PhD,Together,52190,42,17,2,3
387,1976,Basic,Married,7500,6,11,2,3
5342,1976,Basic,Divorced,9548,0,3,1,3
7822,1976,Graduation,Together,54058,198,252,4,8
6457,1976,Graduation,Divorced,64892,527,230,6,12
3623,1976,Graduation,Together,21675,4,16,4,3
7386,1976,Graduation,Divorced,30992,17,14,1,3
3107,1976,Graduation,Together,71322,121,124,4,7
7793,1976,Graduation,Together,62061,641,84,10,7
6233,1976,Graduation,Married,65991,507,364,9,10
3641,1976,Graduation,Married,13624,10,15,2,3
1998,1976,Graduation,Single,37697,34,21,2,3
10584,1976,Graduation,Married,65665,225,387,5,8
2408,1976,Graduation,Married,58597,490,184,7,9
8852,1976,Graduation,Married,61064,387,342,8,11
10839,1976,Graduation,Together,36283,6,5,1,3
967,1976,Graduation,Married,46049,342,112,5,9
10882,1976,Graduation,Married,53858,407,221,4,6
4436,1976,Graduation,Single,20180,18,24,2,4
2698,1976,Graduation,Single,47025,254,108,6,5
3006,1976,Graduation,Divorced,30992,17,14,1,3
347,1976,Graduation,Divorced,40780,229,71,7,5
2929,1976,Graduation,Single,20180,18,24,2,4
9481,1976,Graduation,Married,17148,9,11,3,3
22,1976,Graduation,Divorced,46310,185,88,6,5
2404,1976,Graduation,Married,53359,173,30,5,4
4037,1976,Graduation,Divorced,31859,3,3,1,2
6982,1976,Graduation,Married,74068,783,537,4,9
4432,1976,Graduation,Divorced,31615,2,20,2,3
3972,1976,Graduation,Together,50200,266,51,7,5
2162,1976,Graduation,Married,56939,256,103,3,10
5493,1976,Graduation,Married,39356,15,2,1,2
8514,1976,Graduation,Together,29478,8,7,1,3
2541,1976,Graduation,Married,24027,14,11,2,3
7375,1976,Graduation,Together,51369,297,79,8,4
9303,1976,Graduation,Married,5305,12,7,1,0
4692,1976,Graduation,Married,7500,7,12,4,2
1250,1976,Graduation,Single,37697,34,21,2,3
2831,1976,Graduation,Together,78416,453,279,7,10
10144,1976,Graduation,Together,51369,297,79,8,4
1371,1976,Graduation,Single,79941,123,266,2,9
8370,1976,2n Cycle,Together,75484,378,259,7,6
3276,1976,2n Cycle,Together,36301,11,35,3,3
10401,1976,2n Cycle,Together,26326,1,5,0,3
10755,1976,2n Cycle,Married,23718,6,14,3,2
10067,1976,2n Cycle,Together,25176,4,4,1,2
9305,1976,2n Cycle,Single,79689,311,640,4,13
8702,1976,2n Cycle,Together,26907,9,7,1,3
577,1976,2n Cycle,Together,26907,9,7,1,3
2975,1976,Graduation,Together,85606,717,864,6,9
9949,1976,Graduation,Married,59809,598,141,3,6
10032,1976,Graduation,Divorced,12571,3,14,3,3
2986,1976,Graduation,Married,30772,7,4,1,2
8625,1976,Graduation,Married,17649,15,23,3,3
9988,1976,Master,Single,70379,553,142,6,13
4599,1976,Master,Married,49681,411,26,7,7
2814,1976,Master,Together,30560,9,5,1,3
11030,1976,Master,Married,33181,9,3,1,2
437,1976,Master,Divorced,75012,294,218,3,11
8146,1976,Master,Together,46106,30,8,1,2
6320,1976,Master,Single,70893,768,561,6,10
11084,1976,Master,Together,65104,738,232,3,7
5316,1976,Master,Together,21024,36,18,2,4
1103,1976,Master,Married,81929,1486,278,4,10
1055,1976,Master,Married,53204,29,8,1,3
8832,1976,Master,Together,37509,37,56,3,4
3919,1976,Master,Single,72309,960,883,5,8
5172,1976,Master,Together,65104,738,232,3,7
2711,1976,Master,Together,30560,9,5,1,3
879,1976,Master,Married,49681,411,26,7,7
5015,1976,Master,Married,34529,68,38,2,3
6257,1976,Master,Single,60482,255,134,7,7
7503,1976,Graduation,Single,75825,1032,779,5,9
5283,1976,PhD,Single,42473,93,21,2,4
7698,1976,PhD,Married,51650,152,22,4,4
10142,1976,PhD,Divorced,66476,372,126,5,11
1071,1976,PhD,Divorced,70179,532,168,7,13
10031,1976,PhD,Married,16927,20,23,3,4
5723,1976,PhD,Together,49187,81,31,1,5
9365,1976,PhD,Single,60000,1048,217,11,5
10673,1976,PhD,Married,68397,760,466,6,5
4065,1976,PhD,Married,49544,308,73,5,8
6211,1976,PhD,Together,37395,18,9,1,3
4887,1976,PhD,Divorced,55412,10,28,2,3
1503,1976,PhD,Together,162397,85,16,0,1
3498,1976,PhD,Married,55424,462,184,7,9
5835,1976,PhD,Divorced,14849,21,28,2,4
2793,1976,PhD,Divorced,70179,532,168,7,13
7919,1976,PhD,Together,72335,1285,653,10,8
2798,1977,PhD,Together,102160,763,138,7,10
3865,1977,2n Cycle,Together,20981,2,10,3,2
7224,1977,Graduation,Married,31353,10,10,1,2
8685,1977,Graduation,Married,42014,244,108,7,6
5393,1977,Graduation,Single,23763,22,6,1,3
10581,1977,Graduation,Married,41124,281,84,7,4
10521,1977,Graduation,Married,54809,63,57,2,5
6424,1977,Graduation,Together,33178,12,2,1,3
3340,1977,Graduation,Married,42014,244,108,7,6
11074,1977,Graduation,Single,85072,494,391,3,10
2797,1977,Graduation,Married,72117,707,171,9,9
6885,1977,Graduation,Divorced,32952,38,12,2,3
5063,1977,Graduation,Single,28769,41,129,4,4
4864,1977,Graduation,Married,34380,72,58,4,3
6515,1977,Graduation,Together,39771,6,18,2,3
1010,1977,Graduation,Together,46931,41,17,1,3
7629,1977,Graduation,Married,22108,5,9,2,3
8969,1977,Graduation,Married,71855,548,422,5,11
2225,1977,Graduation,Divorced,82582,510,550,4,7
7181,1977,Graduation,Married,30368,35,13,2,3
9970,1977,Graduation,Together,55375,42,57,1,6
6215,1977,Graduation,Married,31353,10,10,1,2
5331,1977,Graduation,Married,74985,587,898,3,7
9432,1977,Graduation,Together,666666,9,18,3,3
10971,1977,Graduation,Single,37774,173,107,7,3
1331,1977,Graduation,Single,35790,12,20,2,3
5121,1977,Graduation,Single,56628,479,82,7,5
5846,1977,Graduation,Divorced,40246,2,6,1,2
500,1977,Graduation,Together,96876,908,735,7,9
4769,1977,Master,Together,57954,456,24,8,6
3112,1977,Master,Married,22701,2,9,1,3
6958,1977,Master,Married,27889,14,4,1,2
2952,1977,Master,Single,36273,29,30,3,3
5512,1977,Master,Married,55842,451,39,7,8
5510,1977,Master,Married,43263,262,61,5,6
713,1977,Master,Married,50353,141,153,4,6
4679,1977,Master,Married,78710,721,152,7,12
4931,1977,Graduation,Together,157146,1,1725,0,0
837,1977,Graduation,Married,54809,63,57,2,5
6295,1977,Graduation,Married,54233,652,158,11,5
4786,1977,Graduation,Married,75330,555,257,10,12
1584,1977,Graduation,Married,41443,171,171,8,5
3665,1977,2n Cycle,Together,25315,1,8,3,3
2186,1977,2n Cycle,Together,82326,938,754,5,6
2546,1977,2n Cycle,Single,31878,23,5,1,4
5263,1977,2n Cycle,Married,31056,5,13,1,3
10507,1977,2n Cycle,Divorced,59601,691,69,2,7
164,1977,PhD,Married,28973,206,46,5,5
7128,1977,PhD,Single,42997,4,5,1,2
2574,1977,PhD,Married,61996,1050,144,6,8
618,1977,PhD,Married,69389,422,238,7,12
3469,1977,PhD,Divorced,34487,19,33,3,3
9396,1978,PhD,Married,37717,9,6,1,2
7685,1978,Graduation,Married,33039,30,12,2,4
10196,1978,Graduation,Married,71427,212,177,8,8
8687,1978,Graduation,Together,53172,121,90,2,8
1834,1978,Master,Single,35544,30,23,2,3
2930,1978,Master,Single,68092,852,207,2,10
2535,1978,Master,Married,88097,163,480,6,8
7631,1978,Master,Together,61346,562,168,5,10
4331,1978,Master,Together,85738,913,376,3,11
10846,1978,Master,Married,43783,327,125,7,8
11187,1978,Basic,Single,26487,2,10,2,3
9733,1978,Basic,Together,24882,1,10,1,2
8462,1978,Basic,Together,24882,1,10,1,2
10403,1978,Graduation,Together,16531,2,6,3,3
7393,1978,Graduation,Together,41580,56,24,2,3
3629,1978,Graduation,Single,38557,76,31,3,3
6310,1978,Graduation,Married,33039,30,12,2,4
9381,1978,Graduation,Married,66373,328,124,4,10
6384,1978,Graduation,Divorced,71022,909,278,5,11
2008,1978,Graduation,Married,77583,372,384,4,9
1215,1978,Graduation,Together,70440,690,499,5,7
5961,1978,Graduation,Married,42693,8,20,1,3
9384,1978,Graduation,Married,66373,328,124,4,10
322,1978,Graduation,Together,42554,29,11,2,3
4653,1978,Graduation,Together,42011,131,16,3,4
10641,1978,Graduation,Single,7500,6,4,2,3
2875,1978,Graduation,Married,67023,444,382,3,13
6355,1978,Graduation,Married,44359,20,14,2,4
9283,1978,Graduation,Single,60199,8,7,0,3
6201,1978,Graduation,Single,38643,22,14,2,3
1710,1978,Graduation,Single,30168,154,66,6,4
8650,1978,Graduation,Widow,54162,5,10,1,3
528,1978,Graduation,Married,65819,267,701,5,10
10207,1978,Graduation,Together,22775,5,8,1,2
7732,1978,Graduation,Married,64813,293,124,7,10
7912,1978,Graduation,Married,38136,8,27,3,2
7250,1978,Graduation,Together,57867,344,178,7,9
2202,1978,Graduation,Together,41154,44,11,1,4
2736,1978,Graduation,Married,73807,366,156,5,11
2931,1978,Graduation,Divorced,71847,737,106,6,9
4240,1978,Graduation,Married,17345,4,16,2,2
367,1978,2n Cycle,Married,36550,47,94,9,5
2320,1978,2n Cycle,Married,47025,508,59,11,6
7264,1978,2n Cycle,Single,52195,12,4,1,2
1440,1978,2n Cycle,Together,52513,367,241,9,9
6919,1978,2n Cycle,Married,26224,4,15,2,3
7034,1978,2n Cycle,Married,25804,8,9,2,3
3870,1978,2n Cycle,Together,63855,359,314,7,13
1773,1978,2n Cycle,Married,12393,5,15,2,3
8181,1978,2n Cycle,Single,38593,51,49,4,3
10708,1978,2n Cycle,Single,36975,10,11,1,3
4066,1978,2n Cycle,Divorced,21282,1,8,2,2
3270,1978,2n Cycle,Together,17117,12,38,3,3
7761,1978,2n Cycle,Together,38702,13,24,3,4
10821,1978,Graduation,Married,57113,182,33,4,5
4838,1978,Graduation,Together,22775,5,8,1,2
3056,1978,Graduation,Divorced,63693,587,337,11,9
2958,1978,Graduation,Married,28442,19,10,2,4
6619,1978,Graduation,Married,38415,22,13,1,3
3706,1978,Graduation,Single,28647,19,29,2,2
1715,1978,Graduation,Together,25851,9,18,2,3
8737,1978,Graduation,Divorced,55563,29,9,2,3
11075,1978,Graduation,Married,51267,183,64,3,5
8492,1978,Graduation,Together,75437,795,545,8,10
8727,1978,Graduation,Divorced,63693,587,337,11,9
1307,1978,Graduation,Divorced,41986,27,8,3,4
9829,1978,Graduation,Together,28587,22,17,2,4
448,1978,PhD,Single,54880,308,137,6,11
933,1978,PhD,Married,37717,9,6,1,2
3081,1978,PhD,Married,41014,7,6,1,2
8164,1978,PhD,Married,82170,1023,651,5,7
1168,1978,PhD,Married,72159,322,899,4,10
1663,1978,PhD,Together,34043,20,14,2,2
10812,1978,PhD,Married,46377,37,46,2,3
1291,1978,PhD,Together,27683,152,121,6,4
7573,1978,PhD,Single,31626,39,9,2,2
4713,1979,PhD,Married,31605,74,42,2,4
5454,1979,Master,Married,45057,37,7,2,3
2634,1979,Master,Single,16653,5,31,2,3
5871,1979,Master,Together,24401,73,217,6,6
6634,1979,Master,Divorced,33462,22,18,2,3
10470,1979,Master,Married,40662,40,23,2,3
1655,1979,Graduation,Together,34350,16,15,1,3
6376,1979,Graduation,Single,57537,191,139,4,8
4518,1979,Graduation,Together,85693,386,183,9,11
5394,1979,Basic,Single,16014,3,4,1,4
5150,1979,Basic,Single,20194,0,7,2,3
8686,1979,Basic,Together,23724,5,15,2,3
8373,1979,Basic,Together,24594,1,6,1,3
3829,1979,Basic,Together,24594,1,6,1,3
6347,1979,Basic,Single,15862,1,4,1,3
5236,1979,Graduation,Together,77568,1230,396,10,8
6742,1979,Graduation,Married,17688,2,1,1,2
6856,1979,Graduation,Together,21645,14,23,3,3
10710,1979,Graduation,Married,7500,5,3,1,2
5077,1979,Graduation,Together,77298,425,292,6,11
6261,1979,Graduation,Married,58025,270,88,3,10
4478,1979,Graduation,Married,63777,457,106,11,6
10381,1979,Graduation,Single,47691,14,3,1,2
6173,1979,Graduation,Together,77298,425,292,6,11
2849,1979,Graduation,Single,60474,265,303,10,12
6055,1979,Graduation,Married,71626,546,376,5,8
9937,1979,Graduation,Single,70337,187,149,2,12
5376,1979,Graduation,Married,2447,1,1725,0,0
1630,1979,Graduation,Single,61825,162,100,4,8
9964,1979,Graduation,Single,61825,162,100,4,8
4832,1979,Graduation,Married,27244,6,17,2,2
6001,1979,Graduation,Married,56775,614,160,5,10
8405,1979,Graduation,Divorced,68274,135,51,4,5
234,1979,Graduation,Divorced,15287,1,8,1,2
7723,1979,Graduation,Together,75507,709,374,8,6
9289,1979,Graduation,Married,36781,29,17,2,2
1456,1979,Graduation,Single,60474,265,303,10,12
4320,1979,Graduation,Single,60152,325,300,6,12
8318,1979,Graduation,Together,90300,594,786,5,8
10264,1979,Graduation,Divorced,15287,1,8,1,2
2447,1979,Graduation,Together,30545,4,15,2,3
8812,1979,2n Cycle,Divorced,13533,12,8,2,3
1513,1979,2n Cycle,Together,60839,600,128,2,12
10552,1979,2n Cycle,Married,54210,70,109,4,7
922,1979,2n Cycle,Married,31086,16,11,1,2
9369,1979,2n Cycle,Single,88194,688,309,11,10
10659,1979,2n Cycle,Together,7500,2,11,3,2
10582,1979,Graduation,Married,72063,180,348,5,12
2963,1979,Graduation,Together,75507,709,374,8,6
5025,1979,Graduation,Single,48526,23,23,2,4
9423,1979,Master,Married,32765,13,17,2,4
5642,1979,Master,Together,62499,140,61,3,6
7574,1979,PhD,Together,27922,11,13,2,3
9076,1980,PhD,Married,30732,155,25,4,4
1891,1980,Master,Divorced,78789,667,850,4,5
11003,1980,2n Cycle,Together,25130,2,7,2,3
3878,1980,2n Cycle,Single,31859,3,7,1,3
10856,1980,2n Cycle,Single,45889,31,6,1,3
8213,1980,2n Cycle,Together,14515,6,9,2,3
6131,1980,2n Cycle,Married,70829,141,106,4,8
3197,1980,Graduation,Married,77353,275,107,6,8
5868,1980,Graduation,Married,19107,2,9,1,3
5892,1980,Graduation,Married,34968,158,45,3,5
10262,1980,Graduation,Married,15072,8,15,3,3
642,1980,Basic,Married,16005,1,2,2,2
1777,1980,Basic,Married,25965,2,11,2,3
9503,1980,Graduation,Single,28071,39,130,5,5
3933,1980,Graduation,Together,44010,186,234,10,6
8601,1980,Graduation,Married,80011,421,536,8,5
6507,1980,Graduation,Single,30828,16,15,1,4
8230,1980,Graduation,Married,33228,22,31,2,3
7532,1980,Graduation,Married,43586,99,11,3,4
5633,1980,Graduation,Married,50183,97,84,3,6
454,1980,Graduation,Together,69508,824,162,11,11
3179,1980,Graduation,Single,81741,249,940,6,7
902,1980,Graduation,Together,62994,224,48,6,4
2853,1980,Graduation,Single,51766,60,87,4,4
9736,1980,Graduation,Married,41850,53,19,3,3
4368,1980,Graduation,Married,47850,42,43,3,4
1092,1980,Graduation,Married,61014,269,495,9,4
1581,1980,Graduation,Married,37406,2,8,1,2
5687,1980,Graduation,Divorced,81702,563,774,7,12
4543,1980,Graduation,Married,82497,777,573,2,9
4791,1980,Graduation,Together,44964,19,17,1,3
6815,1980,2n Cycle,Married,96547,448,125,7,8
176,1980,2n Cycle,Single,67506,90,67,4,6
5623,1980,Master,Married,31535,15,13,1,2
6999,1980,Master,Married,69661,656,106,7,12
9215,1980,PhD,Married,43974,378,101,6,6
10560,1980,PhD,Single,36802,16,2,1,3
9493,1980,PhD,Single,76412,840,804,5,8
9596,1980,PhD,Single,65295,365,117,3,13
1008,1981,PhD,Together,44953,728,133,7,13
304,1981,Master,Single,22944,19,19,3,3
2724,1981,Master,Single,36143,12,1,0,2
9984,1981,2n Cycle,Married,56337,349,144,8,4
10270,1981,2n Cycle,Married,35523,11,22,3,3
3091,1981,2n Cycle,Together,75774,340,134,7,8
738,1981,2n Cycle,Single,42395,48,57,3,4
87,1981,2n Cycle,Married,27733,0,5,2,3
8017,1981,2n Cycle,Married,51111,22,19,2,3
10398,1981,2n Cycle,Single,24336,1,2,1,2
3102,1981,2n Cycle,Together,19414,2,12,1,3
2781,1981,Graduation,Single,72066,1003,536,4,6
749,1981,Graduation,Together,42162,46,59,3,3
4548,1981,Graduation,Single,41967,23,10,1,3
1951,1981,Basic,Married,34445,228,122,11,8
4669,1981,Basic,Married,24480,4,9,3,4
4216,1981,Graduation,Single,91065,822,108,7,9
10469,1981,Graduation,Together,88325,519,860,6,9
3120,1981,Graduation,Together,38547,6,10,1,2
7270,1981,Graduation,Divorced,56981,908,217,2,13
11121,1981,Graduation,Married,19419,2,28,4,3
2964,1981,Graduation,Married,26872,3,8,1,2
10669,1981,Graduation,Married,54386,277,64,3,10
2918,1981,Graduation,Divorced,28510,44,19,2,4
938,1981,Graduation,Married,40211,51,7,2,2
8416,1981,Graduation,Married,29009,6,15,2,3
6575,1981,Graduation,Together,56386,230,214,9,7
3537,1981,Graduation,Together,31089,31,31,3,4
7005,1981,Graduation,Single,58684,479,179,5,12
762,1981,2n Cycle,Together,75774,340,134,7,8
7369,1981,Master,Married,36959,25,25,2,3
7378,1981,Master,Together,42021,393,136,10,6
7828,1981,Master,Together,77882,68,396,3,5
564,1981,PhD,Together,56937,746,125,8,9
4207,1981,PhD,Married,87171,1001,107,6,11
4385,1981,PhD,Single,36038,23,15,3,3
5324,1981,PhD,Married,58293,173,118,5,6
9925,1981,PhD,Together,39665,127,56,4,3
1232,1982,PhD,Together,70038,587,348,4,8
9064,1982,Graduation,Married,69109,823,459,6,7
9495,1982,Graduation,Together,71853,358,413,2,6
7937,1982,Graduation,Married,24711,10,25,3,3
6460,1982,Graduation,Married,28718,12,6,2,3
942,1982,Graduation,Single,39660,139,78,7,3
9523,1982,Graduation,Together,40479,5,8,0,3
9986,1982,Graduation,Together,19444,16,23,4,2
8314,1982,Graduation,Married,79908,557,761,5,7
2631,1982,Graduation,Together,71853,358,413,2,6
5120,1982,2n Cycle,Together,66664,398,447,5,6
1328,1982,2n Cycle,Married,57937,261,144,4,9
5782,1982,2n Cycle,Together,58582,402,106,9,9
10648,1982,2n Cycle,Together,66664,398,447,5,6
7301,1982,2n Cycle,Single,23616,4,11,3,3
6214,1982,Master,Married,43815,14,29,2,3
4246,1982,Master,Single,6560,67,26,1,1
1109,1982,Master,Together,27590,6,5,1,2
2936,1982,Master,Together,23661,18,4,1,3
1458,1982,Master,Married,21059,8,19,3,3
6853,1982,Master,Single,75777,712,538,3,11
6049,1982,Master,Together,73450,1142,415,7,11
6528,1982,Master,Together,18492,2,2,1,2
7366,1982,Master,Single,75777,712,538,3,11
3139,1982,2n Cycle,Single,74116,871,704,4,10
75,1982,2n Cycle,Together,41039,34,137,8,5
5628,1982,Graduation,Together,61416,848,323,10,10
8079,1982,Graduation,Married,22448,3,8,2,3
5758,1982,Graduation,Married,65169,1074,69,10,13
2130,1982,Graduation,Together,45203,35,67,3,3
10676,1982,Graduation,Married,63211,145,459,3,7
7119,1982,Graduation,Single,68627,395,263,2,6
2407,1982,Graduation,Married,69109,823,459,6,7
2961,1982,Graduation,Married,42081,175,110,6,4
8724,1982,Graduation,Single,28567,11,22,2,3
6969,1982,Graduation,Together,50272,99,66,4,5
9360,1982,Graduation,Married,37040,86,73,4,5
5181,1982,Basic,Single,24367,2,2,1,2
8362,1982,PhD,Married,84169,1478,403,7,6
1501,1982,PhD,Married,160803,55,1622,0,1
2345,1982,PhD,Together,70038,587,348,4,8
5547,1982,PhD,Married,84169,1478,403,7,6
9576,1982,PhD,Together,32313,86,56,4,4
1381,1982,PhD,Single,38513,172,115,6,5
4278,1983,PhD,Single,87188,910,724,10,6
1502,1983,Graduation,Together,28427,18,19,2,3
8008,1983,Graduation,Together,36075,46,30,2,4
3220,1983,Graduation,Married,39922,29,59,3,4
5423,1983,Graduation,Together,28359,6,5,1,2
3129,1983,Graduation,Married,30096,5,11,2,3
10602,1983,Graduation,Married,39922,29,59,3,4
3518,1983,Graduation,Married,25271,10,18,1,2
6810,1983,Graduation,Divorced,82025,267,606,3,6
7610,1983,Graduation,Together,37292,275,86,6,5
2861,1983,Graduation,Single,24072,9,6,1,2
9592,1983,Graduation,Together,22010,11,9,2,3
7516,1983,Graduation,Married,30096,5,11,2,3
4338,1983,Graduation,Single,39062,23,9,1,3
736,1983,Graduation,Together,28427,18,19,2,3
1175,1983,Master,Married,36262,88,54,3,3
7152,1983,Master,Married,27100,12,13,1,3
5731,1983,Master,Married,27100,12,13,1,3
5726,1983,Master,Single,31788,16,23,3,4
4418,1983,Master,Single,89616,671,655,7,12
9635,1983,Master,Married,35876,66,40,3,3
1994,1983,Graduation,Married 0,1,5,0,0,7
7042,1983,Graduation,Married,36790,3,14,2,2
5577,1983,Graduation,Together,43776,8,9,1,2
5424,1983,Graduation,Married,39922,29,59,3,4
7215,1983,Graduation,Single,101970,722,102,6,13
8933,1983,2n Cycle,Married,32146,26,23,2,4
1524,1983,2n Cycle,Single,81698,709,115,8,5
3698,1983,Graduation,Together,78687,817,687,4,8
10779,1983,Graduation,Single,22148,15,14,1,3
5756,1983,Graduation,Together,39453,46,7,2,3
10925,1983,Graduation,Married,76630,255,446,3,11
2254,1983,Graduation,Married,69520,627,414,9,5
7788,1983,PhD,Married,23536,6,3,0,3
10140,1983,PhD,Together,70123,1308,396,5,4
3037,1983,PhD,Married,50150,135,92,5,7
4698,1983,PhD,Married,50150,135,92,5,7
10742,1983,PhD,Married,86580,532,127,4,5
2549,1983,PhD,Together,21840,17,9,1,3
3885,1983,PhD,Married,33569,16,18,1,2
3979,1983,PhD,Divorced,90687,982,672,6,8
1172,1983,PhD,Married,92491,979,935,7,12
10163,1984,PhD,Single,82733,712,420,8,7
10702,1984,Graduation,Single,52413,185,133,7,7
11071,1984,Graduation,Single,79607,450,951,3,6
3032,1984,Graduation,Married,24570,28,62,4,4
6646,1984,Graduation,Together,16529,3,5,1,3
10340,1984,Graduation,Together,35196,75,141,6,5
10394,1984,Graduation,Married,90000,675,133,4,5
10099,1984,Graduation,Married,55434,238,215,5,13
3225,1984,Master,Married,42207,116,72,4,5
624,1984,Master,Single,18890,6,1,0,2
10913,1984,Master,Single,31385,3,12,1,2
10796,1984,Master,Married,30477,47,6,1,3
8749,1984,Graduation,Together,37235,20,9,1,2
3896,1984,Graduation,Married,27255,22,11,1,3
8182,1984,Graduation,Married,23228,53,49,3,4
9491,1984,Graduation,Together,23976,14,21,3,3
8870,1984,Graduation,Together,35196,75,141,6,5
9467,1984,Graduation,Single,34738,3,10,1,3
6182,1984,Graduation,Together,26646,11,20,2,4
983,1984,Graduation,Married,40059,110,92,6,3
7004,1984,Graduation,Single,11012,24,26,3,2
5680,1984,2n Cycle,Married,35684,10,7,1,3
1241,1984,2n Cycle,Married,14796,13,8,1,3
2681,1984,2n Cycle,Married,65370,71,112,2,13
9262,1984,2n Cycle,Together,32414,20,5,1,3
6568,1984,Graduation,Married,38680,11,36,2,3
11086,1984,Basic,Single,25707,1,2,1,3
10413,1984,Graduation,Married,72570,274,216,4,12
6354,1984,Graduation,Together,15345,5,16,1,2
10500,1984,Graduation,Married,31761,19,20,3,4
3409,1984,Graduation,Single,36108,141,129,7,4
4329,1984,PhD,Married,18988,6,6,1,3
3710,1984,PhD,Single,39684,19,35,2,2
3074,1984,PhD,Married,70643,1218,304,5,4
1139,1984,PhD,Married,73356,1050,322,5,5
5036,1984,PhD,Single,42710,252,42,4,3
11010,1984,PhD,Single,16269,19,18,3,3
8799,1984,PhD,Married,38175,70,69,3,4
5140,1985,PhD,Married,64355,1047,140,4,12
425,1985,Graduation,Married,55357,374,116,6,11
9349,1985,Graduation,Married,92533,693,118,6,11
6340,1985,Graduation,Single,29938,3,7,1,3
2894,1985,Graduation,Single,72903,1067,750,7,8
6728,1985,Graduation,Together,29103,16,17,1,3
7433,1985,Graduation,Single,29760,64,68,3,4
5790,1985,Graduation,Married,31158,25,16,2,3
10001,1985,2n Cycle,Together,7500,5,17,2,3
503,1985,Master,Married,20559,13,29,2,3
8442,1985,Master,Married,19510,9,7,1,3
9246,1985,Master,Together,40101,171,129,6,6
6437,1985,2n Cycle,Single,41473,21,20,2,3
2278,1985,2n Cycle,Single,33812,4,19,2,3
1878,1985,2n Cycle,Married,23148,4,8,2,3
8779,1985,2n Cycle,Married,36145,56,76,4,3
9478,1985,Graduation,Single,66503,91,128,4,6
8895,1985,Graduation,Single,70596,347,534,3,12
10699,1985,Graduation,Married,44322,46,40,3,3
7290,1985,Graduation,Single,70596,347,534,3,12
521,1985,Graduation,Together,54006,174,203,8,7
6770,1985,Graduation,Married,21355,5,14,2,2
3332,1985,Graduation,Single,29760,64,68,3,4
7093,1985,Graduation,Married,19986,3,5,0,3
0,1985,Graduation,Married,70951,239,554,3,9
2292,1985,Graduation,Single,22327,5,8,1,3
9543,1985,Graduation,Married,19986,3,5,0,3
8977,1985,Basic,Single,16581,1,4,0,3
10790,1985,PhD,Married,18169,9,5,1,2
8143,1985,PhD,Single,37929,202,46,4,5
7679,1985,PhD,Single,30298,6,12,1,3
6177,1985,PhD,Married,33454,76,56,4,4
9485,1986,PhD,Married,45921,102,49,2,6
175,1986,Graduation,Married,71952,656,455,8,8
4211,1986,Basic,Married,20425,4,5,2,3
1407,1986,Basic,Married,20425,4,5,2,3
8700,1986,Basic,Single,14906,7,14,2,3
10395,1986,Basic,Single,8940,1,3,3,3
905,1986,Graduation,Divorced,21846,7,18,4,3
6287,1986,Graduation,Together,34728,14,16,1,2
10680,1986,Graduation,Together,33235,45,16,3,3
10525,1986,Graduation,Single,26576,10,8,1,2
4328,1986,2n Cycle,Married,21955,5,7,2,3
2518,1986,2n Cycle,Together,20491,5,5,0,2
456,1986,2n Cycle,Married,7500,1,5,2,3
8135,1986,Master,Married,27161,7,23,1,3
7141,1986,Master,Single,21888,88,46,5,2
3690,1986,Master,Married,80141,1184,673,7,10
9738,1986,Master,Together,42386,65,16,3,3
5074,1986,Master,Married,28072,30,10,1,3
10212,1986,Master,Together,42386,65,16,3,3
4259,1986,Master,Single,19485,6,4,1,2
10245,1986,2n Cycle,Single,80910,160,369,3,8
9264,1986,Graduation,Married,79529,423,706,4,9
3657,1986,Graduation,Single,39146,94,33,4,4
2258,1986,Graduation,Married,32880,8,15,1,3
11191,1986,Graduation,Divorced,41411,37,38,2,4
1940,1986,Graduation,Married,25252,1,4,1,2
898,1986,Graduation,Married,23477,38,54,3,4
5302,1986,Graduation,Together,78394,298,697,4,5
1545,1986,Graduation,Married,38508,120,206,7,5
1340,1986,Graduation,Married,92910,551,792,6,13
8931,1986,Graduation,Together,83033,812,431,11,10
7736,1986,Graduation,Married,22518,11,12,2,2
477,1986,Graduation,Married,83512,1060,835,4,10
6988,1986,Graduation,Married,71952,656,455,8,8
8080,1986,Graduation,Single,26816,5,6,0,3
7325,1986,PhD,Together,38197,23,11,1,3
3726,1986,PhD,Together,34320,4,9,1,2
6292,1986,PhD,Married,82333,1311,359,4,10
7786,1986,PhD,Single,29999,68,59,3,4
3762,1986,PhD,Single,69867,196,512,3,8
6303,1986,PhD,Together,91820,410,747,5,12
7962,1987,PhD,Single,95169,1285,449,4,4
940,1987,Graduation,Single,57100,158,99,3,7
35,1987,Graduation,Married,25545,32,64,2,3
8369,1987,Graduation,Together,18227,1,7,0,2
2569,1987,Graduation,Married,17323,3,17,1,3
7422,1987,Graduation,Single,46923,85,54,5,7
9553,1987,Graduation,Married,7500,0,3,0,3
11013,1987,Graduation,Together,67605,336,282,2,6
2612,1987,Graduation,Married,75794,754,625,7,12
535,1987,Graduation,Divorced,81361,163,424,3,13
4608,1987,Graduation,Divorced,81361,163,424,3,13
6859,1987,Graduation,Single,29236,37,24,4,3
6365,1987,2n Cycle,Married,30390,10,12,2,3
2532,1987,Master,Single,73454,982,351,2,6
6349,1987,Master,Divorced,61787,621,414,8,6
5896,1987,Master,Married,73395,272,80,4,6
5286,1987,Master,Single,41020,112,54,3,4
3628,1987,Basic,Single,15038,4,11,2,2
1987,1987,Basic,Single,21063,1,11,2,3
9612,1987,2n Cycle,Single,23830,1,6,1,3
1911,1987,Graduation,Together,67430,595,291,11,12
5527,1987,Graduation,Together,22434,4,11,2,3
798,1987,Graduation,Single,23442,2,6,1,3
830,1987,PhD,Single,74004,784,560,4,4
1162,1987,PhD,Single,42000,124,267,5,11
10643,1987,PhD,Single,42000,124,267,5,11
3202,1987,PhD,Married,51563,1166,48,4,10
10069,1988,Basic,Together,13724,2,5,2,2
1717,1988,Graduation,Single,39747,80,93,5,4
6637,1988,Graduation,Single,66951,277,305,3,7
10981,1988,Graduation,Married,84219,434,400,3,10
92,1988,Graduation,Alone,34176,5,24,3,4
2747,1988,PhD,Married,67546,864,768,4,5
6406,1988,Master,Married,78285,647,391,6,10
8029,1988,Master,Single,90247,1184,352,3,7
5010,1988,Graduation,Single,25008,2,8,1,3
5176,1988,Graduation,Together,29604,7,13,1,3
486,1988,Graduation,Married,84219,434,400,3,10
1763,1988,Graduation,Together,87679,1259,815,7,10
1324,1988,Graduation,Married,38872,23,21,3,3
6318,1988,Graduation,Married,68487,758,385,9,13
9701,1988,Graduation,Together,41883,32,41,4,3
7437,1988,Graduation,Single,27938,13,8,1,4
10172,1988,Graduation,Single,68655,456,832,4,11
5396,1988,Graduation,Married,68487,758,385,9,13
3312,1988,Graduation,Single,34176,5,24,3,4
9081,1988,Graduation,Single,20518,4,6,1,2
2874,1988,2n Cycle,Divorced,35388,6,7,1,3
1755,1988,2n Cycle,Together,45204,30,25,1,4
3745,1988,2n Cycle,Married,23331,5,7,3,3
9771,1988,2n Cycle,Single,23331,104,101,5,5
10995,1988,2n Cycle,Married,15716,16,30,3,4
3559,1988,2n Cycle,Married,16248,12,10,2,3
6729,1988,Graduation,Single,68655,456,832,4,11
9530,1988,Graduation,Married,24645,5,4,1,2
8867,1988,PhD,Married,67546,864,768,4,5
4324,1989,Graduation,Married,42387,235,235,8,7
663,1989,PhD,Single,33996,40,15,1,3
6918,1989,Graduation,Married,28691,5,13,1,3
9422,1989,Graduation,Married,38360,36,42,2,4
3010,1989,Master,Together,88420,957,612,4,8
6864,1989,Master,Divorced,10979,8,10,3,3
10617,1989,Master,Divorced,10979,8,10,3,3
6516,1989,Basic,Married,17487,0,1,1,2
5692,1989,Basic,Married,25443,1,3,1,3
451,1989,Graduation,Single,9255,9,7,1,2
295,1989,Graduation,Single,81217,493,324,3,11
6071,1989,Graduation,Single,81217,493,324,3,11
4459,1989,Graduation,Single,30279,10,14,1,3
6678,1989,Graduation,Together,31928,33,24,3,4
523,1989,Graduation,Married,37155,23,26,2,4
5012,1989,Graduation,Married,28691,5,13,1,3
8746,1989,Graduation,Married,75433,800,297,2,10
10642,1989,Graduation,Single,30279,10,14,1,3
5294,1989,Graduation,Single,18358,6,19,3,4
7646,1989,Graduation,Single,64449,218,282,5,12
538,1989,Graduation,Single,46107,31,27,1,4
5371,1989,Graduation,Single,21474,6,24,3,2
1031,1989,2n Cycle,Married,85710,600,350,6,10
8789,1989,2n Cycle,Married,59060,35,111,3,7
4271,1989,2n Cycle,Together,38683,46,69,4,6
5987,1989,2n Cycle,Together,10404,2,11,1,4
5602,1989,PhD,Together,66973,466,432,8,12
8299,1989,PhD,Single,33996,40,15,1,3
10767,1989,PhD,Together,77845,760,480,3,12
2326,1990,Graduation,Married,18929,32,8,1,4
8278,1990,PhD,Married,74214,863,547,8,5
2431,1990,Graduation,Married,18222,12,19,2,3
2678,1990,Graduation,Single,34412,52,50,5,3
3520,1990,Master,Single,91172,162,818,4,7
7620,1990,Basic,Single,16185,5,16,2,2
8151,1990,Basic,Married,24279,16,21,4,3
2005,1990,Graduation,Married,35765,22,30,2,4
9242,1990,Graduation,Single,64509,836,575,6,9
10203,1990,Graduation,Single,26095,11,9,1,3
9529,1990,Graduation,Married,73687,559,503,3,9
2109,1990,Graduation,Single,96843,448,951,6,10
8541,1990,2n Cycle,Married,24683,8,10,2,4
4656,1990,2n Cycle,Single,51250,342,230,10,4
10595,1990,Graduation,Married,30093,2,28,2,3
2253,1990,Graduation,Married,18929,32,8,1,4
3068,1990,Graduation,Married,18351,1,9,2,3
1876,1990,Graduation,Married,18929,32,8,1,4
4500,1991,PhD,Together,68682,919,505,4,10
11101,1991,Graduation,Together,89891,412,132,11,8
4552,1991,Graduation,Married,51373,83,101,3,3
7431,1991,PhD,Single,68126,1332,311,7,5
569,1991,Graduation,Single,90273,704,853,5,7
5735,1991,Master,Single,90638,1156,915,3,10
5350,1991,Master,Single,90638,1156,915,3,10
999,1991,Graduation,Single,86037,490,125,6,11
10749,1991,Graduation,Single,8028,73,66,0,0
4712,1991,2n Cycle,Together,20193,8,22,1,4
10343,1991,2n Cycle,Single,61618,605,399,3,8
5631,1991,Graduation,Single,49767,202,197,5,8
9214,1991,Graduation,Married,42691,179,64,5,6
9960,1991,Basic,Single,26868,0,1,1,2
3428,1991,PhD,Together,68682,919,505,4,10
4654,1992,Graduation,Together,75114,571,523,3,5
3005,1992,Graduation,Single,83528,530,678,4,8
1379,1992,Master,Together,42670,154,46,4,4
821,1992,Master,Single,92859,962,921,5,12
3386,1992,Graduation,Married,34935,34,66,2,4
10513,1992,Graduation,Together,63207,438,565,2,6
8175,1992,Graduation,Married,34935,34,66,2,4
8560,1992,Graduation,Single,48789,351,156,6,7
2802,1992,2n Cycle,Married,87000,196,607,4,7
4055,1992,Basic,Single,18746,2,11,3,3
4136,1992,Basic,Single,7500,10,18,3,2
7600,1992,Basic,Single,15253,1,3,1,3
1384,1992,Basic,Married,17256,6,14,2,2
2669,1993,Graduation,Single,74293,375,335,5,6
4483,1993,Graduation,Single,72354,315,473,2,6
7734,1993,Graduation,Absurd,79244,471,125,4,7
10037,1993,Graduation,Single,74293,375,335,5,6
5080,1993,Graduation,Single,70515,420,452,6,4
6905,1994,Graduation,Together,80685,241,604,6,10
10619,1994,Graduation,Single,95529,770,890,7,7
5067,1994,Graduation,Together,80134,966,282,2,11
10548,1995,Graduation,Single,71163,283,372,3,12
8315,1995,Graduation,Single,34824,4,11,1,2
5184,1995,Graduation,Single,34824,4,11,1,2
3661,1995,2n Cycle,Single,80617,594,631,4,8
4427,1995,2n Cycle,Single,83257,536,590,5,12
193,1996,Basic,Married,14421,0,2,1,2
9909,1996,2n Cycle,Married,7500,3,14,3,3
